ISO-10303-21;
HEADER;
/* Generated by software containing ST-Developer
 * from STEP Tools, Inc. (www.steptools.com) 
 */
/* OPTION: using custom renumber hook */

FILE_DESCRIPTION(
/* description */ ('STEP AP242 Edition 2',
'CAx-IF Rec.Pracs.---Representation and Presentation of Product Manufa
cturing Information (PMI)---4.0---2014-10-13',
'CAx-IF Rec.Pracs.---3D Tessellated Geometry---0.4---2014-09-14','2;1',
'CAx-IF Rec.Pracs.---User Defined Attributes---1.5---2016-08-15'),
/* implementation_level */ '2;1');

FILE_NAME(
/* name */ 'Part Studio 1 - case back',
/* time_stamp */ '2026-09-27T17:22:14Z',
/* author */ (''),
/* organization */ (''),
/* preprocessor_version */ 'ST-DEVELOPER v20',
/* originating_system */ 'ONSHAPE BY PTC INC, 1.221',
/* authorisation */ '  ');

FILE_SCHEMA (('AP242_MANAGED_MODEL_BASED_3D_ENGINEERING_MIM_LF { 1 0 10303 442 3 1 4 }'));
ENDSEC;

DATA;
#10=SHAPE_REPRESENTATION_RELATIONSHIP('','',#1543,#11);
#11=ADVANCED_BREP_SHAPE_REPRESENTATION('',(#1541),#2623);
#12=CYLINDRICAL_SURFACE('',#1584,0.000500000000000014);
#13=CYLINDRICAL_SURFACE('',#1586,0.000500000000000015);
#14=CYLINDRICAL_SURFACE('',#1597,0.000500000000000014);
#15=CYLINDRICAL_SURFACE('',#1599,0.000500000000000015);
#16=CYLINDRICAL_SURFACE('',#1610,0.000500000000000014);
#17=CYLINDRICAL_SURFACE('',#1612,0.000500000000000015);
#18=CYLINDRICAL_SURFACE('',#1623,0.000500000000000014);
#19=CYLINDRICAL_SURFACE('',#1624,0.000500000000000015);
#20=CYLINDRICAL_SURFACE('',#1627,0.006500001172987);
#21=CYLINDRICAL_SURFACE('',#1630,0.00650000117298699);
#22=CYLINDRICAL_SURFACE('',#1633,0.00650000117298699);
#23=CYLINDRICAL_SURFACE('',#1637,0.006500001172987);
#24=CYLINDRICAL_SURFACE('',#1654,0.00400000117298699);
#25=CYLINDRICAL_SURFACE('',#1657,0.00400000117298699);
#26=CYLINDRICAL_SURFACE('',#1660,0.00400000117298701);
#27=CYLINDRICAL_SURFACE('',#1663,0.00400000117298699);
#28=CYLINDRICAL_SURFACE('',#1680,0.005);
#29=CYLINDRICAL_SURFACE('',#1682,0.0055);
#30=CYLINDRICAL_SURFACE('',#1684,0.005);
#31=CYLINDRICAL_SURFACE('',#1705,0.005);
#32=CYLINDRICAL_SURFACE('',#1706,0.005);
#33=CYLINDRICAL_SURFACE('',#1707,0.0025);
#34=TOROIDAL_SURFACE('',#1574,0.0047783786688867,0.000500000000000014);
#35=TOROIDAL_SURFACE('',#1578,0.00477837866888668,0.000500000000000015);
#36=TOROIDAL_SURFACE('',#1589,0.0047783786688867,0.000500000000000014);
#37=TOROIDAL_SURFACE('',#1592,0.00477837866888668,0.000500000000000015);
#38=TOROIDAL_SURFACE('',#1602,0.00477837866888672,0.000500000000000014);
#39=TOROIDAL_SURFACE('',#1605,0.0047783786688867,0.000500000000000015);
#40=TOROIDAL_SURFACE('',#1615,0.00477837866888671,0.000500000000000014);
#41=TOROIDAL_SURFACE('',#1618,0.0047783786688867,0.000500000000000015);
#42=CONICAL_SURFACE('',#1563,0.003000001172987,0.15707963267949);
#43=CONICAL_SURFACE('',#1565,0.00300000117298699,0.15707963267949);
#44=CONICAL_SURFACE('',#1569,0.00300000117298699,0.15707963267949);
#45=CONICAL_SURFACE('',#1571,0.00300000117298699,0.15707963267949);
#46=CONICAL_SURFACE('',#1582,0.00483421090041998,0.349065850398867);
#47=CONICAL_SURFACE('',#1595,0.00483421090041998,0.349065850398867);
#48=CONICAL_SURFACE('',#1608,0.00483421090041999,0.349065850398856);
#49=CONICAL_SURFACE('',#1621,0.00483421090041999,0.349065850398867);
#50=CONICAL_SURFACE('',#1646,0.005000001172987,0.139626340159542);
#51=CONICAL_SURFACE('',#1649,0.005000001172987,0.139626340159542);
#52=CONICAL_SURFACE('',#1650,0.00500000117298699,0.139626340159545);
#53=CONICAL_SURFACE('',#1653,0.00500000117298699,0.139626340159545);
#54=CONICAL_SURFACE('',#1674,0.00125,0.0523598775598298);
#55=CONICAL_SURFACE('',#1676,0.00125,0.0523598775598298);
#56=CIRCLE('',#1547,0.006500001172987);
#57=CIRCLE('',#1548,0.00650000117298699);
#58=CIRCLE('',#1554,0.0032080789713643);
#59=CIRCLE('',#1555,0.0032080789713643);
#60=CIRCLE('',#1556,0.0032080789713643);
#61=CIRCLE('',#1557,0.0032080789713643);
#62=CIRCLE('',#1558,0.00477837866888671);
#63=CIRCLE('',#1559,0.0047783786688867);
#64=CIRCLE('',#1560,0.0047783786688867);
#65=CIRCLE('',#1561,0.00477837866888672);
#66=CIRCLE('',#1564,0.00400000117298699);
#67=CIRCLE('',#1566,0.00400000117298697);
#68=CIRCLE('',#1570,0.00400000117298697);
#69=CIRCLE('',#1572,0.00400000117298697);
#70=CIRCLE('',#1575,0.000500000000000014);
#71=CIRCLE('',#1576,0.00527834364192034);
#72=CIRCLE('',#1577,0.000500000000000014);
#73=CIRCLE('',#1579,0.000500000000000015);
#74=CIRCLE('',#1580,0.00524822497927965);
#75=CIRCLE('',#1581,0.000500000000000015);
#76=CIRCLE('',#1583,0.00483421090041998);
#77=CIRCLE('',#1585,0.000500000000000014);
#78=CIRCLE('',#1587,0.000500000000000015);
#79=CIRCLE('',#1590,0.00527834364192034);
#80=CIRCLE('',#1591,0.000500000000000014);
#81=CIRCLE('',#1593,0.00524822497927965);
#82=CIRCLE('',#1594,0.000500000000000015);
#83=CIRCLE('',#1596,0.00483421090041998);
#84=CIRCLE('',#1598,0.000500000000000014);
#85=CIRCLE('',#1600,0.000500000000000015);
#86=CIRCLE('',#1603,0.00527834364192034);
#87=CIRCLE('',#1604,0.000500000000000014);
#88=CIRCLE('',#1606,0.00524822497927965);
#89=CIRCLE('',#1607,0.000500000000000015);
#90=CIRCLE('',#1609,0.00483421090041999);
#91=CIRCLE('',#1611,0.000500000000000014);
#92=CIRCLE('',#1613,0.000500000000000015);
#93=CIRCLE('',#1616,0.00527834364192036);
#94=CIRCLE('',#1617,0.000500000000000014);
#95=CIRCLE('',#1619,0.00524822497927967);
#96=CIRCLE('',#1620,0.000500000000000015);
#97=CIRCLE('',#1622,0.00483421090041999);
#98=CIRCLE('',#1628,0.006500001172987);
#99=CIRCLE('',#1631,0.00650000117298699);
#100=CIRCLE('',#1634,0.00650000117298699);
#101=CIRCLE('',#1635,0.00650000117298699);
#102=CIRCLE('',#1638,0.006500001172987);
#103=CIRCLE('',#1639,0.006500001172987);
#104=CIRCLE('',#1642,0.00500000117298699);
#105=CIRCLE('',#1643,0.005000001172987);
#106=CIRCLE('',#1644,0.005000001172987);
#107=CIRCLE('',#1645,0.00500000117298699);
#108=CIRCLE('',#1655,0.00400000117298699);
#109=CIRCLE('',#1658,0.00400000117298699);
#110=CIRCLE('',#1661,0.00400000117298701);
#111=CIRCLE('',#1664,0.00400000117298699);
#112=CIRCLE('',#1667,0.000890807562349893);
#113=CIRCLE('',#1669,0.000890807562349893);
#114=CIRCLE('',#1671,0.005);
#115=CIRCLE('',#1672,0.0055);
#116=CIRCLE('',#1673,0.005);
#117=CIRCLE('',#1675,0.00125);
#118=CIRCLE('',#1677,0.00125);
#119=CIRCLE('',#1681,0.005);
#120=CIRCLE('',#1683,0.0055);
#121=CIRCLE('',#1685,0.005);
#122=ELLIPSE('',#1546,0.00532088886237956,0.005);
#123=ELLIPSE('',#1549,0.00532088886237956,0.005);
#124=ELLIPSE('',#1551,0.00266044443118978,0.0025);
#125=ELLIPSE('',#1700,0.00532088886237956,0.005);
#126=ELLIPSE('',#1701,0.00532088886237956,0.005);
#127=ELLIPSE('',#1703,0.00266044443118978,0.0025);
#128=ORIENTED_EDGE('',*,*,#560,.F.);
#129=ORIENTED_EDGE('',*,*,#561,.T.);
#130=ORIENTED_EDGE('',*,*,#562,.T.);
#131=ORIENTED_EDGE('',*,*,#563,.T.);
#132=ORIENTED_EDGE('',*,*,#564,.F.);
#133=ORIENTED_EDGE('',*,*,#565,.T.);
#134=ORIENTED_EDGE('',*,*,#566,.F.);
#135=ORIENTED_EDGE('',*,*,#567,.T.);
#136=ORIENTED_EDGE('',*,*,#568,.F.);
#137=ORIENTED_EDGE('',*,*,#569,.T.);
#138=ORIENTED_EDGE('',*,*,#570,.F.);
#139=ORIENTED_EDGE('',*,*,#560,.T.);
#140=ORIENTED_EDGE('',*,*,#571,.T.);
#141=ORIENTED_EDGE('',*,*,#572,.F.);
#142=ORIENTED_EDGE('',*,*,#573,.F.);
#143=ORIENTED_EDGE('',*,*,#574,.T.);
#144=ORIENTED_EDGE('',*,*,#575,.F.);
#145=ORIENTED_EDGE('',*,*,#576,.T.);
#146=ORIENTED_EDGE('',*,*,#568,.T.);
#147=ORIENTED_EDGE('',*,*,#577,.F.);
#148=ORIENTED_EDGE('',*,*,#578,.T.);
#149=ORIENTED_EDGE('',*,*,#579,.T.);
#150=ORIENTED_EDGE('',*,*,#580,.T.);
#151=ORIENTED_EDGE('',*,*,#581,.T.);
#152=ORIENTED_EDGE('',*,*,#582,.T.);
#153=ORIENTED_EDGE('',*,*,#583,.T.);
#154=ORIENTED_EDGE('',*,*,#584,.T.);
#155=ORIENTED_EDGE('',*,*,#585,.T.);
#156=ORIENTED_EDGE('',*,*,#586,.F.);
#157=ORIENTED_EDGE('',*,*,#587,.F.);
#158=ORIENTED_EDGE('',*,*,#588,.F.);
#159=ORIENTED_EDGE('',*,*,#589,.F.);
#160=ORIENTED_EDGE('',*,*,#590,.F.);
#161=ORIENTED_EDGE('',*,*,#591,.F.);
#162=ORIENTED_EDGE('',*,*,#592,.F.);
#163=ORIENTED_EDGE('',*,*,#593,.F.);
#164=ORIENTED_EDGE('',*,*,#594,.F.);
#165=ORIENTED_EDGE('',*,*,#583,.F.);
#166=ORIENTED_EDGE('',*,*,#595,.F.);
#167=ORIENTED_EDGE('',*,*,#596,.F.);
#168=ORIENTED_EDGE('',*,*,#595,.T.);
#169=ORIENTED_EDGE('',*,*,#582,.F.);
#170=ORIENTED_EDGE('',*,*,#597,.F.);
#171=ORIENTED_EDGE('',*,*,#598,.F.);
#172=ORIENTED_EDGE('',*,*,#594,.T.);
#173=ORIENTED_EDGE('',*,*,#599,.F.);
#174=ORIENTED_EDGE('',*,*,#600,.F.);
#175=ORIENTED_EDGE('',*,*,#584,.F.);
#176=ORIENTED_EDGE('',*,*,#597,.T.);
#177=ORIENTED_EDGE('',*,*,#581,.F.);
#178=ORIENTED_EDGE('',*,*,#601,.F.);
#179=ORIENTED_EDGE('',*,*,#602,.F.);
#180=ORIENTED_EDGE('',*,*,#600,.T.);
#181=ORIENTED_EDGE('',*,*,#603,.F.);
#182=ORIENTED_EDGE('',*,*,#604,.F.);
#183=ORIENTED_EDGE('',*,*,#585,.F.);
#184=ORIENTED_EDGE('',*,*,#601,.T.);
#185=ORIENTED_EDGE('',*,*,#580,.F.);
#186=ORIENTED_EDGE('',*,*,#605,.F.);
#187=ORIENTED_EDGE('',*,*,#606,.F.);
#188=ORIENTED_EDGE('',*,*,#604,.T.);
#189=ORIENTED_EDGE('',*,*,#607,.F.);
#190=ORIENTED_EDGE('',*,*,#608,.F.);
#191=ORIENTED_EDGE('',*,*,#578,.F.);
#192=ORIENTED_EDGE('',*,*,#605,.T.);
#193=ORIENTED_EDGE('',*,*,#579,.F.);
#194=ORIENTED_EDGE('',*,*,#608,.T.);
#195=ORIENTED_EDGE('',*,*,#609,.F.);
#196=ORIENTED_EDGE('',*,*,#588,.T.);
#197=ORIENTED_EDGE('',*,*,#610,.F.);
#198=ORIENTED_EDGE('',*,*,#611,.F.);
#199=ORIENTED_EDGE('',*,*,#612,.T.);
#200=ORIENTED_EDGE('',*,*,#611,.T.);
#201=ORIENTED_EDGE('',*,*,#613,.F.);
#202=ORIENTED_EDGE('',*,*,#614,.F.);
#203=ORIENTED_EDGE('',*,*,#615,.T.);
#204=ORIENTED_EDGE('',*,*,#614,.T.);
#205=ORIENTED_EDGE('',*,*,#616,.F.);
#206=ORIENTED_EDGE('',*,*,#617,.F.);
#207=ORIENTED_EDGE('',*,*,#618,.T.);
#208=ORIENTED_EDGE('',*,*,#589,.T.);
#209=ORIENTED_EDGE('',*,*,#612,.F.);
#210=ORIENTED_EDGE('',*,*,#619,.F.);
#211=ORIENTED_EDGE('',*,*,#620,.T.);
#212=ORIENTED_EDGE('',*,*,#619,.T.);
#213=ORIENTED_EDGE('',*,*,#615,.F.);
#214=ORIENTED_EDGE('',*,*,#621,.F.);
#215=ORIENTED_EDGE('',*,*,#622,.T.);
#216=ORIENTED_EDGE('',*,*,#621,.T.);
#217=ORIENTED_EDGE('',*,*,#618,.F.);
#218=ORIENTED_EDGE('',*,*,#623,.F.);
#219=ORIENTED_EDGE('',*,*,#624,.T.);
#220=ORIENTED_EDGE('',*,*,#590,.T.);
#221=ORIENTED_EDGE('',*,*,#620,.F.);
#222=ORIENTED_EDGE('',*,*,#625,.F.);
#223=ORIENTED_EDGE('',*,*,#626,.T.);
#224=ORIENTED_EDGE('',*,*,#625,.T.);
#225=ORIENTED_EDGE('',*,*,#622,.F.);
#226=ORIENTED_EDGE('',*,*,#627,.F.);
#227=ORIENTED_EDGE('',*,*,#628,.T.);
#228=ORIENTED_EDGE('',*,*,#627,.T.);
#229=ORIENTED_EDGE('',*,*,#624,.F.);
#230=ORIENTED_EDGE('',*,*,#629,.F.);
#231=ORIENTED_EDGE('',*,*,#630,.T.);
#232=ORIENTED_EDGE('',*,*,#591,.T.);
#233=ORIENTED_EDGE('',*,*,#626,.F.);
#234=ORIENTED_EDGE('',*,*,#631,.F.);
#235=ORIENTED_EDGE('',*,*,#632,.T.);
#236=ORIENTED_EDGE('',*,*,#631,.T.);
#237=ORIENTED_EDGE('',*,*,#628,.F.);
#238=ORIENTED_EDGE('',*,*,#633,.F.);
#239=ORIENTED_EDGE('',*,*,#634,.T.);
#240=ORIENTED_EDGE('',*,*,#633,.T.);
#241=ORIENTED_EDGE('',*,*,#630,.F.);
#242=ORIENTED_EDGE('',*,*,#635,.F.);
#243=ORIENTED_EDGE('',*,*,#636,.T.);
#244=ORIENTED_EDGE('',*,*,#592,.T.);
#245=ORIENTED_EDGE('',*,*,#632,.F.);
#246=ORIENTED_EDGE('',*,*,#637,.F.);
#247=ORIENTED_EDGE('',*,*,#638,.T.);
#248=ORIENTED_EDGE('',*,*,#637,.T.);
#249=ORIENTED_EDGE('',*,*,#634,.F.);
#250=ORIENTED_EDGE('',*,*,#639,.F.);
#251=ORIENTED_EDGE('',*,*,#640,.T.);
#252=ORIENTED_EDGE('',*,*,#639,.T.);
#253=ORIENTED_EDGE('',*,*,#636,.F.);
#254=ORIENTED_EDGE('',*,*,#641,.F.);
#255=ORIENTED_EDGE('',*,*,#642,.T.);
#256=ORIENTED_EDGE('',*,*,#593,.T.);
#257=ORIENTED_EDGE('',*,*,#638,.F.);
#258=ORIENTED_EDGE('',*,*,#643,.F.);
#259=ORIENTED_EDGE('',*,*,#644,.T.);
#260=ORIENTED_EDGE('',*,*,#643,.T.);
#261=ORIENTED_EDGE('',*,*,#640,.F.);
#262=ORIENTED_EDGE('',*,*,#645,.F.);
#263=ORIENTED_EDGE('',*,*,#646,.T.);
#264=ORIENTED_EDGE('',*,*,#645,.T.);
#265=ORIENTED_EDGE('',*,*,#642,.F.);
#266=ORIENTED_EDGE('',*,*,#647,.F.);
#267=ORIENTED_EDGE('',*,*,#648,.T.);
#268=ORIENTED_EDGE('',*,*,#586,.T.);
#269=ORIENTED_EDGE('',*,*,#644,.F.);
#270=ORIENTED_EDGE('',*,*,#649,.F.);
#271=ORIENTED_EDGE('',*,*,#650,.T.);
#272=ORIENTED_EDGE('',*,*,#649,.T.);
#273=ORIENTED_EDGE('',*,*,#646,.F.);
#274=ORIENTED_EDGE('',*,*,#651,.F.);
#275=ORIENTED_EDGE('',*,*,#652,.T.);
#276=ORIENTED_EDGE('',*,*,#651,.T.);
#277=ORIENTED_EDGE('',*,*,#648,.F.);
#278=ORIENTED_EDGE('',*,*,#653,.F.);
#279=ORIENTED_EDGE('',*,*,#654,.T.);
#280=ORIENTED_EDGE('',*,*,#587,.T.);
#281=ORIENTED_EDGE('',*,*,#650,.F.);
#282=ORIENTED_EDGE('',*,*,#655,.F.);
#283=ORIENTED_EDGE('',*,*,#610,.T.);
#284=ORIENTED_EDGE('',*,*,#655,.T.);
#285=ORIENTED_EDGE('',*,*,#652,.F.);
#286=ORIENTED_EDGE('',*,*,#656,.F.);
#287=ORIENTED_EDGE('',*,*,#613,.T.);
#288=ORIENTED_EDGE('',*,*,#656,.T.);
#289=ORIENTED_EDGE('',*,*,#654,.F.);
#290=ORIENTED_EDGE('',*,*,#657,.F.);
#291=ORIENTED_EDGE('',*,*,#616,.T.);
#292=ORIENTED_EDGE('',*,*,#658,.F.);
#293=ORIENTED_EDGE('',*,*,#574,.F.);
#294=ORIENTED_EDGE('',*,*,#659,.F.);
#295=ORIENTED_EDGE('',*,*,#660,.T.);
#296=ORIENTED_EDGE('',*,*,#661,.F.);
#297=ORIENTED_EDGE('',*,*,#565,.F.);
#298=ORIENTED_EDGE('',*,*,#662,.T.);
#299=ORIENTED_EDGE('',*,*,#663,.T.);
#300=ORIENTED_EDGE('',*,*,#664,.F.);
#301=ORIENTED_EDGE('',*,*,#566,.T.);
#302=ORIENTED_EDGE('',*,*,#661,.T.);
#303=ORIENTED_EDGE('',*,*,#665,.F.);
#304=ORIENTED_EDGE('',*,*,#666,.F.);
#305=ORIENTED_EDGE('',*,*,#567,.F.);
#306=ORIENTED_EDGE('',*,*,#664,.T.);
#307=ORIENTED_EDGE('',*,*,#667,.T.);
#308=ORIENTED_EDGE('',*,*,#668,.F.);
#309=ORIENTED_EDGE('',*,*,#669,.T.);
#310=ORIENTED_EDGE('',*,*,#577,.T.);
#311=ORIENTED_EDGE('',*,*,#666,.T.);
#312=ORIENTED_EDGE('',*,*,#670,.F.);
#313=ORIENTED_EDGE('',*,*,#671,.F.);
#314=ORIENTED_EDGE('',*,*,#672,.F.);
#315=ORIENTED_EDGE('',*,*,#668,.T.);
#316=ORIENTED_EDGE('',*,*,#673,.T.);
#317=ORIENTED_EDGE('',*,*,#674,.F.);
#318=ORIENTED_EDGE('',*,*,#675,.T.);
#319=ORIENTED_EDGE('',*,*,#671,.T.);
#320=ORIENTED_EDGE('',*,*,#676,.F.);
#321=ORIENTED_EDGE('',*,*,#677,.F.);
#322=ORIENTED_EDGE('',*,*,#678,.F.);
#323=ORIENTED_EDGE('',*,*,#674,.T.);
#324=ORIENTED_EDGE('',*,*,#679,.T.);
#325=ORIENTED_EDGE('',*,*,#662,.F.);
#326=ORIENTED_EDGE('',*,*,#680,.F.);
#327=ORIENTED_EDGE('',*,*,#681,.T.);
#328=ORIENTED_EDGE('',*,*,#677,.T.);
#329=ORIENTED_EDGE('',*,*,#682,.F.);
#330=ORIENTED_EDGE('',*,*,#682,.T.);
#331=ORIENTED_EDGE('',*,*,#679,.F.);
#332=ORIENTED_EDGE('',*,*,#676,.T.);
#333=ORIENTED_EDGE('',*,*,#673,.F.);
#334=ORIENTED_EDGE('',*,*,#670,.T.);
#335=ORIENTED_EDGE('',*,*,#667,.F.);
#336=ORIENTED_EDGE('',*,*,#665,.T.);
#337=ORIENTED_EDGE('',*,*,#663,.F.);
#338=ORIENTED_EDGE('',*,*,#683,.T.);
#339=ORIENTED_EDGE('',*,*,#684,.F.);
#340=ORIENTED_EDGE('',*,*,#685,.T.);
#341=ORIENTED_EDGE('',*,*,#686,.F.);
#342=ORIENTED_EDGE('',*,*,#687,.T.);
#343=ORIENTED_EDGE('',*,*,#688,.F.);
#344=ORIENTED_EDGE('',*,*,#689,.T.);
#345=ORIENTED_EDGE('',*,*,#690,.F.);
#346=ORIENTED_EDGE('',*,*,#691,.T.);
#347=ORIENTED_EDGE('',*,*,#653,.T.);
#348=ORIENTED_EDGE('',*,*,#692,.T.);
#349=ORIENTED_EDGE('',*,*,#685,.F.);
#350=ORIENTED_EDGE('',*,*,#692,.F.);
#351=ORIENTED_EDGE('',*,*,#647,.T.);
#352=ORIENTED_EDGE('',*,*,#693,.T.);
#353=ORIENTED_EDGE('',*,*,#686,.T.);
#354=ORIENTED_EDGE('',*,*,#694,.T.);
#355=ORIENTED_EDGE('',*,*,#657,.T.);
#356=ORIENTED_EDGE('',*,*,#691,.F.);
#357=ORIENTED_EDGE('',*,*,#684,.T.);
#358=ORIENTED_EDGE('',*,*,#693,.F.);
#359=ORIENTED_EDGE('',*,*,#641,.T.);
#360=ORIENTED_EDGE('',*,*,#695,.T.);
#361=ORIENTED_EDGE('',*,*,#687,.F.);
#362=ORIENTED_EDGE('',*,*,#696,.T.);
#363=ORIENTED_EDGE('',*,*,#617,.T.);
#364=ORIENTED_EDGE('',*,*,#694,.F.);
#365=ORIENTED_EDGE('',*,*,#683,.F.);
#366=ORIENTED_EDGE('',*,*,#695,.F.);
#367=ORIENTED_EDGE('',*,*,#635,.T.);
#368=ORIENTED_EDGE('',*,*,#697,.T.);
#369=ORIENTED_EDGE('',*,*,#688,.T.);
#370=ORIENTED_EDGE('',*,*,#698,.T.);
#371=ORIENTED_EDGE('',*,*,#623,.T.);
#372=ORIENTED_EDGE('',*,*,#696,.F.);
#373=ORIENTED_EDGE('',*,*,#690,.T.);
#374=ORIENTED_EDGE('',*,*,#697,.F.);
#375=ORIENTED_EDGE('',*,*,#629,.T.);
#376=ORIENTED_EDGE('',*,*,#698,.F.);
#377=ORIENTED_EDGE('',*,*,#689,.F.);
#378=ORIENTED_EDGE('',*,*,#699,.T.);
#379=ORIENTED_EDGE('',*,*,#700,.F.);
#380=ORIENTED_EDGE('',*,*,#607,.T.);
#381=ORIENTED_EDGE('',*,*,#701,.T.);
#382=ORIENTED_EDGE('',*,*,#702,.T.);
#383=ORIENTED_EDGE('',*,*,#701,.F.);
#384=ORIENTED_EDGE('',*,*,#603,.T.);
#385=ORIENTED_EDGE('',*,*,#703,.T.);
#386=ORIENTED_EDGE('',*,*,#704,.T.);
#387=ORIENTED_EDGE('',*,*,#703,.F.);
#388=ORIENTED_EDGE('',*,*,#599,.T.);
#389=ORIENTED_EDGE('',*,*,#705,.T.);
#390=ORIENTED_EDGE('',*,*,#706,.T.);
#391=ORIENTED_EDGE('',*,*,#705,.F.);
#392=ORIENTED_EDGE('',*,*,#596,.T.);
#393=ORIENTED_EDGE('',*,*,#707,.T.);
#394=ORIENTED_EDGE('',*,*,#708,.T.);
#395=ORIENTED_EDGE('',*,*,#707,.F.);
#396=ORIENTED_EDGE('',*,*,#598,.T.);
#397=ORIENTED_EDGE('',*,*,#709,.T.);
#398=ORIENTED_EDGE('',*,*,#710,.T.);
#399=ORIENTED_EDGE('',*,*,#709,.F.);
#400=ORIENTED_EDGE('',*,*,#602,.T.);
#401=ORIENTED_EDGE('',*,*,#711,.T.);
#402=ORIENTED_EDGE('',*,*,#712,.T.);
#403=ORIENTED_EDGE('',*,*,#711,.F.);
#404=ORIENTED_EDGE('',*,*,#606,.T.);
#405=ORIENTED_EDGE('',*,*,#713,.T.);
#406=ORIENTED_EDGE('',*,*,#714,.T.);
#407=ORIENTED_EDGE('',*,*,#713,.F.);
#408=ORIENTED_EDGE('',*,*,#609,.T.);
#409=ORIENTED_EDGE('',*,*,#700,.T.);
#410=ORIENTED_EDGE('',*,*,#715,.F.);
#411=ORIENTED_EDGE('',*,*,#716,.F.);
#412=ORIENTED_EDGE('',*,*,#717,.T.);
#413=ORIENTED_EDGE('',*,*,#718,.F.);
#414=ORIENTED_EDGE('',*,*,#719,.F.);
#415=ORIENTED_EDGE('',*,*,#720,.F.);
#416=ORIENTED_EDGE('',*,*,#721,.F.);
#417=ORIENTED_EDGE('',*,*,#722,.T.);
#418=ORIENTED_EDGE('',*,*,#723,.F.);
#419=ORIENTED_EDGE('',*,*,#724,.F.);
#420=ORIENTED_EDGE('',*,*,#725,.F.);
#421=ORIENTED_EDGE('',*,*,#726,.F.);
#422=ORIENTED_EDGE('',*,*,#727,.T.);
#423=ORIENTED_EDGE('',*,*,#728,.F.);
#424=ORIENTED_EDGE('',*,*,#729,.F.);
#425=ORIENTED_EDGE('',*,*,#730,.F.);
#426=ORIENTED_EDGE('',*,*,#731,.T.);
#427=ORIENTED_EDGE('',*,*,#732,.T.);
#428=ORIENTED_EDGE('',*,*,#733,.F.);
#429=ORIENTED_EDGE('',*,*,#715,.T.);
#430=ORIENTED_EDGE('',*,*,#734,.F.);
#431=ORIENTED_EDGE('',*,*,#716,.T.);
#432=ORIENTED_EDGE('',*,*,#735,.F.);
#433=ORIENTED_EDGE('',*,*,#719,.T.);
#434=ORIENTED_EDGE('',*,*,#736,.T.);
#435=ORIENTED_EDGE('',*,*,#737,.F.);
#436=ORIENTED_EDGE('',*,*,#738,.F.);
#437=ORIENTED_EDGE('',*,*,#720,.T.);
#438=ORIENTED_EDGE('',*,*,#735,.T.);
#439=ORIENTED_EDGE('',*,*,#739,.F.);
#440=ORIENTED_EDGE('',*,*,#740,.F.);
#441=ORIENTED_EDGE('',*,*,#721,.T.);
#442=ORIENTED_EDGE('',*,*,#738,.T.);
#443=ORIENTED_EDGE('',*,*,#741,.F.);
#444=ORIENTED_EDGE('',*,*,#722,.F.);
#445=ORIENTED_EDGE('',*,*,#740,.T.);
#446=ORIENTED_EDGE('',*,*,#742,.T.);
#447=ORIENTED_EDGE('',*,*,#743,.F.);
#448=ORIENTED_EDGE('',*,*,#744,.F.);
#449=ORIENTED_EDGE('',*,*,#723,.T.);
#450=ORIENTED_EDGE('',*,*,#743,.T.);
#451=ORIENTED_EDGE('',*,*,#745,.F.);
#452=ORIENTED_EDGE('',*,*,#746,.F.);
#453=ORIENTED_EDGE('',*,*,#724,.T.);
#454=ORIENTED_EDGE('',*,*,#744,.T.);
#455=ORIENTED_EDGE('',*,*,#747,.F.);
#456=ORIENTED_EDGE('',*,*,#748,.F.);
#457=ORIENTED_EDGE('',*,*,#725,.T.);
#458=ORIENTED_EDGE('',*,*,#746,.T.);
#459=ORIENTED_EDGE('',*,*,#749,.F.);
#460=ORIENTED_EDGE('',*,*,#750,.F.);
#461=ORIENTED_EDGE('',*,*,#726,.T.);
#462=ORIENTED_EDGE('',*,*,#748,.T.);
#463=ORIENTED_EDGE('',*,*,#751,.F.);
#464=ORIENTED_EDGE('',*,*,#727,.F.);
#465=ORIENTED_EDGE('',*,*,#750,.T.);
#466=ORIENTED_EDGE('',*,*,#752,.F.);
#467=ORIENTED_EDGE('',*,*,#753,.F.);
#468=ORIENTED_EDGE('',*,*,#754,.F.);
#469=ORIENTED_EDGE('',*,*,#728,.T.);
#470=ORIENTED_EDGE('',*,*,#753,.T.);
#471=ORIENTED_EDGE('',*,*,#755,.F.);
#472=ORIENTED_EDGE('',*,*,#756,.F.);
#473=ORIENTED_EDGE('',*,*,#729,.T.);
#474=ORIENTED_EDGE('',*,*,#754,.T.);
#475=ORIENTED_EDGE('',*,*,#757,.F.);
#476=ORIENTED_EDGE('',*,*,#758,.F.);
#477=ORIENTED_EDGE('',*,*,#730,.T.);
#478=ORIENTED_EDGE('',*,*,#756,.T.);
#479=ORIENTED_EDGE('',*,*,#759,.F.);
#480=ORIENTED_EDGE('',*,*,#731,.F.);
#481=ORIENTED_EDGE('',*,*,#758,.T.);
#482=ORIENTED_EDGE('',*,*,#760,.F.);
#483=ORIENTED_EDGE('',*,*,#761,.F.);
#484=ORIENTED_EDGE('',*,*,#732,.F.);
#485=ORIENTED_EDGE('',*,*,#761,.T.);
#486=ORIENTED_EDGE('',*,*,#762,.F.);
#487=ORIENTED_EDGE('',*,*,#763,.F.);
#488=ORIENTED_EDGE('',*,*,#717,.F.);
#489=ORIENTED_EDGE('',*,*,#763,.T.);
#490=ORIENTED_EDGE('',*,*,#764,.F.);
#491=ORIENTED_EDGE('',*,*,#765,.F.);
#492=ORIENTED_EDGE('',*,*,#736,.F.);
#493=ORIENTED_EDGE('',*,*,#718,.T.);
#494=ORIENTED_EDGE('',*,*,#765,.T.);
#495=ORIENTED_EDGE('',*,*,#766,.F.);
#496=ORIENTED_EDGE('',*,*,#714,.F.);
#497=ORIENTED_EDGE('',*,*,#699,.F.);
#498=ORIENTED_EDGE('',*,*,#702,.F.);
#499=ORIENTED_EDGE('',*,*,#704,.F.);
#500=ORIENTED_EDGE('',*,*,#706,.F.);
#501=ORIENTED_EDGE('',*,*,#708,.F.);
#502=ORIENTED_EDGE('',*,*,#710,.F.);
#503=ORIENTED_EDGE('',*,*,#712,.F.);
#504=ORIENTED_EDGE('',*,*,#766,.T.);
#505=ORIENTED_EDGE('',*,*,#764,.T.);
#506=ORIENTED_EDGE('',*,*,#762,.T.);
#507=ORIENTED_EDGE('',*,*,#760,.T.);
#508=ORIENTED_EDGE('',*,*,#759,.T.);
#509=ORIENTED_EDGE('',*,*,#757,.T.);
#510=ORIENTED_EDGE('',*,*,#755,.T.);
#511=ORIENTED_EDGE('',*,*,#752,.T.);
#512=ORIENTED_EDGE('',*,*,#751,.T.);
#513=ORIENTED_EDGE('',*,*,#749,.T.);
#514=ORIENTED_EDGE('',*,*,#747,.T.);
#515=ORIENTED_EDGE('',*,*,#745,.T.);
#516=ORIENTED_EDGE('',*,*,#742,.F.);
#517=ORIENTED_EDGE('',*,*,#741,.T.);
#518=ORIENTED_EDGE('',*,*,#739,.T.);
#519=ORIENTED_EDGE('',*,*,#737,.T.);
#520=ORIENTED_EDGE('',*,*,#734,.T.);
#521=ORIENTED_EDGE('',*,*,#733,.T.);
#522=ORIENTED_EDGE('',*,*,#564,.T.);
#523=ORIENTED_EDGE('',*,*,#767,.T.);
#524=ORIENTED_EDGE('',*,*,#768,.F.);
#525=ORIENTED_EDGE('',*,*,#680,.T.);
#526=ORIENTED_EDGE('',*,*,#572,.T.);
#527=ORIENTED_EDGE('',*,*,#769,.T.);
#528=ORIENTED_EDGE('',*,*,#575,.T.);
#529=ORIENTED_EDGE('',*,*,#669,.F.);
#530=ORIENTED_EDGE('',*,*,#672,.T.);
#531=ORIENTED_EDGE('',*,*,#675,.F.);
#532=ORIENTED_EDGE('',*,*,#678,.T.);
#533=ORIENTED_EDGE('',*,*,#681,.F.);
#534=ORIENTED_EDGE('',*,*,#768,.T.);
#535=ORIENTED_EDGE('',*,*,#770,.T.);
#536=ORIENTED_EDGE('',*,*,#771,.F.);
#537=ORIENTED_EDGE('',*,*,#772,.T.);
#538=ORIENTED_EDGE('',*,*,#773,.F.);
#539=ORIENTED_EDGE('',*,*,#660,.F.);
#540=ORIENTED_EDGE('',*,*,#774,.T.);
#541=ORIENTED_EDGE('',*,*,#771,.T.);
#542=ORIENTED_EDGE('',*,*,#775,.T.);
#543=ORIENTED_EDGE('',*,*,#562,.F.);
#544=ORIENTED_EDGE('',*,*,#659,.T.);
#545=ORIENTED_EDGE('',*,*,#573,.T.);
#546=ORIENTED_EDGE('',*,*,#772,.F.);
#547=ORIENTED_EDGE('',*,*,#774,.F.);
#548=ORIENTED_EDGE('',*,*,#569,.F.);
#549=ORIENTED_EDGE('',*,*,#576,.F.);
#550=ORIENTED_EDGE('',*,*,#769,.F.);
#551=ORIENTED_EDGE('',*,*,#571,.F.);
#552=ORIENTED_EDGE('',*,*,#563,.F.);
#553=ORIENTED_EDGE('',*,*,#775,.F.);
#554=ORIENTED_EDGE('',*,*,#770,.F.);
#555=ORIENTED_EDGE('',*,*,#767,.F.);
#556=ORIENTED_EDGE('',*,*,#658,.T.);
#557=ORIENTED_EDGE('',*,*,#773,.T.);
#558=ORIENTED_EDGE('',*,*,#561,.F.);
#559=ORIENTED_EDGE('',*,*,#570,.T.);
#560=EDGE_CURVE('',#776,#777,#910,.T.);
#561=EDGE_CURVE('',#776,#778,#911,.T.);
#562=EDGE_CURVE('',#778,#779,#912,.T.);
#563=EDGE_CURVE('',#779,#780,#122,.F.);
#564=EDGE_CURVE('',#781,#780,#913,.T.);
#565=EDGE_CURVE('',#781,#782,#56,.T.);
#566=EDGE_CURVE('',#783,#782,#914,.T.);
#567=EDGE_CURVE('',#783,#784,#57,.T.);
#568=EDGE_CURVE('',#785,#784,#915,.T.);
#569=EDGE_CURVE('',#785,#777,#123,.F.);
#570=EDGE_CURVE('',#776,#786,#124,.F.);
#571=EDGE_CURVE('',#777,#787,#916,.T.);
#572=EDGE_CURVE('',#788,#787,#917,.T.);
#573=EDGE_CURVE('',#789,#788,#918,.T.);
#574=EDGE_CURVE('',#789,#786,#919,.T.);
#575=EDGE_CURVE('',#790,#791,#920,.T.);
#576=EDGE_CURVE('',#790,#785,#921,.F.);
#577=EDGE_CURVE('',#791,#784,#922,.T.);
#578=EDGE_CURVE('',#792,#793,#58,.T.);
#579=EDGE_CURVE('',#793,#794,#923,.T.);
#580=EDGE_CURVE('',#794,#795,#59,.T.);
#581=EDGE_CURVE('',#795,#796,#924,.T.);
#582=EDGE_CURVE('',#796,#797,#60,.T.);
#583=EDGE_CURVE('',#797,#798,#925,.T.);
#584=EDGE_CURVE('',#798,#799,#61,.T.);
#585=EDGE_CURVE('',#799,#792,#926,.T.);
#586=EDGE_CURVE('',#800,#801,#62,.T.);
#587=EDGE_CURVE('',#802,#800,#927,.T.);
#588=EDGE_CURVE('',#803,#802,#63,.T.);
#589=EDGE_CURVE('',#804,#803,#928,.T.);
#590=EDGE_CURVE('',#805,#804,#64,.T.);
#591=EDGE_CURVE('',#806,#805,#929,.T.);
#592=EDGE_CURVE('',#807,#806,#65,.T.);
#593=EDGE_CURVE('',#801,#807,#930,.T.);
#594=EDGE_CURVE('',#798,#808,#931,.T.);
#595=EDGE_CURVE('',#809,#797,#932,.T.);
#596=EDGE_CURVE('',#808,#809,#933,.T.);
#597=EDGE_CURVE('',#810,#796,#934,.T.);
#598=EDGE_CURVE('',#809,#810,#66,.F.);
#599=EDGE_CURVE('',#811,#808,#67,.F.);
#600=EDGE_CURVE('',#799,#811,#935,.T.);
#601=EDGE_CURVE('',#812,#795,#936,.T.);
#602=EDGE_CURVE('',#810,#812,#937,.T.);
#603=EDGE_CURVE('',#813,#811,#938,.T.);
#604=EDGE_CURVE('',#792,#813,#939,.T.);
#605=EDGE_CURVE('',#814,#794,#940,.T.);
#606=EDGE_CURVE('',#812,#814,#68,.F.);
#607=EDGE_CURVE('',#815,#813,#69,.F.);
#608=EDGE_CURVE('',#793,#815,#941,.T.);
#609=EDGE_CURVE('',#814,#815,#942,.T.);
#610=EDGE_CURVE('',#816,#802,#70,.T.);
#611=EDGE_CURVE('',#817,#816,#71,.T.);
#612=EDGE_CURVE('',#817,#803,#72,.T.);
#613=EDGE_CURVE('',#818,#816,#73,.T.);
#614=EDGE_CURVE('',#819,#818,#74,.T.);
#615=EDGE_CURVE('',#819,#817,#75,.T.);
#616=EDGE_CURVE('',#820,#818,#943,.F.);
#617=EDGE_CURVE('',#821,#820,#76,.T.);
#618=EDGE_CURVE('',#821,#819,#944,.F.);
#619=EDGE_CURVE('',#822,#817,#945,.T.);
#620=EDGE_CURVE('',#822,#804,#77,.T.);
#621=EDGE_CURVE('',#823,#819,#946,.T.);
#622=EDGE_CURVE('',#823,#822,#78,.T.);
#623=EDGE_CURVE('',#824,#821,#947,.T.);
#624=EDGE_CURVE('',#824,#823,#948,.F.);
#625=EDGE_CURVE('',#825,#822,#79,.T.);
#626=EDGE_CURVE('',#825,#805,#80,.T.);
#627=EDGE_CURVE('',#826,#823,#81,.T.);
#628=EDGE_CURVE('',#826,#825,#82,.T.);
#629=EDGE_CURVE('',#827,#824,#83,.T.);
#630=EDGE_CURVE('',#827,#826,#949,.F.);
#631=EDGE_CURVE('',#828,#825,#950,.T.);
#632=EDGE_CURVE('',#828,#806,#84,.T.);
#633=EDGE_CURVE('',#829,#826,#951,.T.);
#634=EDGE_CURVE('',#829,#828,#85,.T.);
#635=EDGE_CURVE('',#830,#827,#952,.T.);
#636=EDGE_CURVE('',#830,#829,#953,.F.);
#637=EDGE_CURVE('',#831,#828,#86,.T.);
#638=EDGE_CURVE('',#831,#807,#87,.T.);
#639=EDGE_CURVE('',#832,#829,#88,.T.);
#640=EDGE_CURVE('',#832,#831,#89,.T.);
#641=EDGE_CURVE('',#833,#830,#90,.T.);
#642=EDGE_CURVE('',#833,#832,#954,.F.);
#643=EDGE_CURVE('',#834,#831,#955,.T.);
#644=EDGE_CURVE('',#834,#801,#91,.T.);
#645=EDGE_CURVE('',#835,#832,#956,.T.);
#646=EDGE_CURVE('',#835,#834,#92,.T.);
#647=EDGE_CURVE('',#836,#833,#957,.T.);
#648=EDGE_CURVE('',#836,#835,#958,.F.);
#649=EDGE_CURVE('',#837,#834,#93,.T.);
#650=EDGE_CURVE('',#837,#800,#94,.T.);
#651=EDGE_CURVE('',#838,#835,#95,.T.);
#652=EDGE_CURVE('',#838,#837,#96,.T.);
#653=EDGE_CURVE('',#839,#836,#97,.T.);
#654=EDGE_CURVE('',#839,#838,#959,.F.);
#655=EDGE_CURVE('',#816,#837,#960,.T.);
#656=EDGE_CURVE('',#818,#838,#961,.T.);
#657=EDGE_CURVE('',#820,#839,#962,.T.);
#658=EDGE_CURVE('',#786,#840,#963,.T.);
#659=EDGE_CURVE('',#841,#789,#964,.T.);
#660=EDGE_CURVE('',#841,#840,#965,.T.);
#661=EDGE_CURVE('',#782,#842,#966,.T.);
#662=EDGE_CURVE('',#781,#843,#967,.T.);
#663=EDGE_CURVE('',#843,#842,#98,.F.);
#664=EDGE_CURVE('',#783,#844,#968,.T.);
#665=EDGE_CURVE('',#844,#842,#969,.T.);
#666=EDGE_CURVE('',#784,#845,#970,.T.);
#667=EDGE_CURVE('',#844,#845,#99,.F.);
#668=EDGE_CURVE('',#846,#847,#971,.T.);
#669=EDGE_CURVE('',#846,#791,#972,.T.);
#670=EDGE_CURVE('',#847,#845,#973,.T.);
#671=EDGE_CURVE('',#848,#849,#974,.T.);
#672=EDGE_CURVE('',#846,#848,#100,.T.);
#673=EDGE_CURVE('',#847,#849,#101,.F.);
#674=EDGE_CURVE('',#850,#851,#975,.T.);
#675=EDGE_CURVE('',#850,#848,#976,.T.);
#676=EDGE_CURVE('',#851,#849,#977,.T.);
#677=EDGE_CURVE('',#852,#853,#978,.T.);
#678=EDGE_CURVE('',#850,#852,#102,.T.);
#679=EDGE_CURVE('',#851,#853,#103,.F.);
#680=EDGE_CURVE('',#854,#781,#979,.T.);
#681=EDGE_CURVE('',#854,#852,#980,.T.);
#682=EDGE_CURVE('',#843,#853,#981,.T.);
#683=EDGE_CURVE('',#855,#856,#104,.F.);
#684=EDGE_CURVE('',#857,#856,#982,.T.);
#685=EDGE_CURVE('',#857,#858,#105,.F.);
#686=EDGE_CURVE('',#859,#858,#983,.T.);
#687=EDGE_CURVE('',#859,#860,#106,.F.);
#688=EDGE_CURVE('',#861,#860,#984,.T.);
#689=EDGE_CURVE('',#861,#862,#107,.F.);
#690=EDGE_CURVE('',#855,#862,#985,.T.);
#691=EDGE_CURVE('',#857,#839,#986,.T.);
#692=EDGE_CURVE('',#836,#858,#987,.T.);
#693=EDGE_CURVE('',#833,#859,#988,.T.);
#694=EDGE_CURVE('',#856,#820,#989,.T.);
#695=EDGE_CURVE('',#830,#860,#990,.T.);
#696=EDGE_CURVE('',#855,#821,#991,.T.);
#697=EDGE_CURVE('',#827,#861,#992,.T.);
#698=EDGE_CURVE('',#862,#824,#993,.T.);
#699=EDGE_CURVE('',#863,#864,#108,.T.);
#700=EDGE_CURVE('',#815,#864,#994,.T.);
#701=EDGE_CURVE('',#813,#863,#995,.T.);
#702=EDGE_CURVE('',#865,#863,#996,.T.);
#703=EDGE_CURVE('',#811,#865,#997,.T.);
#704=EDGE_CURVE('',#866,#865,#109,.T.);
#705=EDGE_CURVE('',#808,#866,#998,.T.);
#706=EDGE_CURVE('',#867,#866,#999,.T.);
#707=EDGE_CURVE('',#809,#867,#1000,.T.);
#708=EDGE_CURVE('',#868,#867,#110,.T.);
#709=EDGE_CURVE('',#810,#868,#1001,.T.);
#710=EDGE_CURVE('',#869,#868,#1002,.T.);
#711=EDGE_CURVE('',#812,#869,#1003,.T.);
#712=EDGE_CURVE('',#870,#869,#111,.T.);
#713=EDGE_CURVE('',#814,#870,#1004,.T.);
#714=EDGE_CURVE('',#864,#870,#1005,.T.);
#715=EDGE_CURVE('',#871,#871,#112,.F.);
#716=EDGE_CURVE('',#872,#872,#113,.F.);
#717=EDGE_CURVE('',#873,#874,#1006,.T.);
#718=EDGE_CURVE('',#875,#874,#1007,.T.);
#719=EDGE_CURVE('',#876,#875,#1008,.T.);
#720=EDGE_CURVE('',#877,#876,#1009,.T.);
#721=EDGE_CURVE('',#878,#877,#114,.T.);
#722=EDGE_CURVE('',#878,#879,#115,.T.);
#723=EDGE_CURVE('',#880,#879,#116,.T.);
#724=EDGE_CURVE('',#881,#880,#1010,.T.);
#725=EDGE_CURVE('',#882,#881,#1011,.T.);
#726=EDGE_CURVE('',#883,#882,#1012,.T.);
#727=EDGE_CURVE('',#883,#884,#1013,.T.);
#728=EDGE_CURVE('',#885,#884,#1014,.T.);
#729=EDGE_CURVE('',#886,#885,#1015,.T.);
#730=EDGE_CURVE('',#887,#886,#1016,.T.);
#731=EDGE_CURVE('',#887,#888,#1017,.T.);
#732=EDGE_CURVE('',#888,#873,#1018,.T.);
#733=EDGE_CURVE('',#889,#889,#117,.T.);
#734=EDGE_CURVE('',#890,#890,#118,.T.);
#735=EDGE_CURVE('',#876,#891,#1019,.T.);
#736=EDGE_CURVE('',#875,#892,#1020,.T.);
#737=EDGE_CURVE('',#891,#892,#1021,.T.);
#738=EDGE_CURVE('',#877,#893,#1022,.T.);
#739=EDGE_CURVE('',#893,#891,#1023,.T.);
#740=EDGE_CURVE('',#878,#894,#1024,.T.);
#741=EDGE_CURVE('',#894,#893,#119,.T.);
#742=EDGE_CURVE('',#894,#895,#120,.T.);
#743=EDGE_CURVE('',#879,#895,#1025,.T.);
#744=EDGE_CURVE('',#880,#896,#1026,.T.);
#745=EDGE_CURVE('',#896,#895,#121,.T.);
#746=EDGE_CURVE('',#881,#897,#1027,.T.);
#747=EDGE_CURVE('',#897,#896,#1028,.T.);
#748=EDGE_CURVE('',#882,#898,#1029,.T.);
#749=EDGE_CURVE('',#898,#897,#1030,.T.);
#750=EDGE_CURVE('',#883,#899,#1031,.T.);
#751=EDGE_CURVE('',#899,#898,#1032,.T.);
#752=EDGE_CURVE('',#900,#899,#1033,.T.);
#753=EDGE_CURVE('',#884,#900,#1034,.T.);
#754=EDGE_CURVE('',#885,#901,#1035,.T.);
#755=EDGE_CURVE('',#901,#900,#1036,.T.);
#756=EDGE_CURVE('',#886,#902,#1037,.T.);
#757=EDGE_CURVE('',#902,#901,#1038,.T.);
#758=EDGE_CURVE('',#887,#903,#1039,.T.);
#759=EDGE_CURVE('',#903,#902,#1040,.T.);
#760=EDGE_CURVE('',#904,#903,#1041,.T.);
#761=EDGE_CURVE('',#888,#904,#1042,.T.);
#762=EDGE_CURVE('',#905,#904,#1043,.T.);
#763=EDGE_CURVE('',#873,#905,#1044,.T.);
#764=EDGE_CURVE('',#906,#905,#1045,.T.);
#765=EDGE_CURVE('',#874,#906,#1046,.T.);
#766=EDGE_CURVE('',#892,#906,#1047,.T.);
#767=EDGE_CURVE('',#780,#907,#1048,.T.);
#768=EDGE_CURVE('',#854,#907,#1049,.T.);
#769=EDGE_CURVE('',#787,#790,#125,.T.);
#770=EDGE_CURVE('',#907,#908,#126,.T.);
#771=EDGE_CURVE('',#909,#908,#1050,.T.);
#772=EDGE_CURVE('',#909,#788,#1051,.T.);
#773=EDGE_CURVE('',#840,#778,#127,.T.);
#774=EDGE_CURVE('',#841,#909,#1052,.T.);
#775=EDGE_CURVE('',#908,#779,#1053,.F.);
#776=VERTEX_POINT('',#2183);
#777=VERTEX_POINT('',#2184);
#778=VERTEX_POINT('',#2186);
#779=VERTEX_POINT('',#2188);
#780=VERTEX_POINT('',#2190);
#781=VERTEX_POINT('',#2192);
#782=VERTEX_POINT('',#2194);
#783=VERTEX_POINT('',#2196);
#784=VERTEX_POINT('',#2198);
#785=VERTEX_POINT('',#2200);
#786=VERTEX_POINT('',#2204);
#787=VERTEX_POINT('',#2206);
#788=VERTEX_POINT('',#2208);
#789=VERTEX_POINT('',#2210);
#790=VERTEX_POINT('',#2214);
#791=VERTEX_POINT('',#2215);
#792=VERTEX_POINT('',#2220);
#793=VERTEX_POINT('',#2221);
#794=VERTEX_POINT('',#2223);
#795=VERTEX_POINT('',#2225);
#796=VERTEX_POINT('',#2227);
#797=VERTEX_POINT('',#2229);
#798=VERTEX_POINT('',#2231);
#799=VERTEX_POINT('',#2233);
#800=VERTEX_POINT('',#2236);
#801=VERTEX_POINT('',#2237);
#802=VERTEX_POINT('',#2239);
#803=VERTEX_POINT('',#2241);
#804=VERTEX_POINT('',#2243);
#805=VERTEX_POINT('',#2245);
#806=VERTEX_POINT('',#2247);
#807=VERTEX_POINT('',#2249);
#808=VERTEX_POINT('',#2253);
#809=VERTEX_POINT('',#2255);
#810=VERTEX_POINT('',#2259);
#811=VERTEX_POINT('',#2263);
#812=VERTEX_POINT('',#2267);
#813=VERTEX_POINT('',#2271);
#814=VERTEX_POINT('',#2275);
#815=VERTEX_POINT('',#2279);
#816=VERTEX_POINT('',#2285);
#817=VERTEX_POINT('',#2287);
#818=VERTEX_POINT('',#2291);
#819=VERTEX_POINT('',#2293);
#820=VERTEX_POINT('',#2297);
#821=VERTEX_POINT('',#2299);
#822=VERTEX_POINT('',#2303);
#823=VERTEX_POINT('',#2307);
#824=VERTEX_POINT('',#2311);
#825=VERTEX_POINT('',#2315);
#826=VERTEX_POINT('',#2319);
#827=VERTEX_POINT('',#2323);
#828=VERTEX_POINT('',#2327);
#829=VERTEX_POINT('',#2331);
#830=VERTEX_POINT('',#2335);
#831=VERTEX_POINT('',#2339);
#832=VERTEX_POINT('',#2343);
#833=VERTEX_POINT('',#2347);
#834=VERTEX_POINT('',#2351);
#835=VERTEX_POINT('',#2355);
#836=VERTEX_POINT('',#2359);
#837=VERTEX_POINT('',#2363);
#838=VERTEX_POINT('',#2367);
#839=VERTEX_POINT('',#2371);
#840=VERTEX_POINT('',#2381);
#841=VERTEX_POINT('',#2383);
#842=VERTEX_POINT('',#2387);
#843=VERTEX_POINT('',#2389);
#844=VERTEX_POINT('',#2393);
#845=VERTEX_POINT('',#2397);
#846=VERTEX_POINT('',#2401);
#847=VERTEX_POINT('',#2402);
#848=VERTEX_POINT('',#2407);
#849=VERTEX_POINT('',#2408);
#850=VERTEX_POINT('',#2413);
#851=VERTEX_POINT('',#2414);
#852=VERTEX_POINT('',#2419);
#853=VERTEX_POINT('',#2420);
#854=VERTEX_POINT('',#2425);
#855=VERTEX_POINT('',#2430);
#856=VERTEX_POINT('',#2431);
#857=VERTEX_POINT('',#2433);
#858=VERTEX_POINT('',#2435);
#859=VERTEX_POINT('',#2437);
#860=VERTEX_POINT('',#2439);
#861=VERTEX_POINT('',#2441);
#862=VERTEX_POINT('',#2443);
#863=VERTEX_POINT('',#2463);
#864=VERTEX_POINT('',#2464);
#865=VERTEX_POINT('',#2469);
#866=VERTEX_POINT('',#2473);
#867=VERTEX_POINT('',#2477);
#868=VERTEX_POINT('',#2481);
#869=VERTEX_POINT('',#2485);
#870=VERTEX_POINT('',#2489);
#871=VERTEX_POINT('',#2495);
#872=VERTEX_POINT('',#2498);
#873=VERTEX_POINT('',#2501);
#874=VERTEX_POINT('',#2502);
#875=VERTEX_POINT('',#2504);
#876=VERTEX_POINT('',#2506);
#877=VERTEX_POINT('',#2508);
#878=VERTEX_POINT('',#2510);
#879=VERTEX_POINT('',#2512);
#880=VERTEX_POINT('',#2514);
#881=VERTEX_POINT('',#2516);
#882=VERTEX_POINT('',#2518);
#883=VERTEX_POINT('',#2520);
#884=VERTEX_POINT('',#2522);
#885=VERTEX_POINT('',#2524);
#886=VERTEX_POINT('',#2526);
#887=VERTEX_POINT('',#2528);
#888=VERTEX_POINT('',#2530);
#889=VERTEX_POINT('',#2534);
#890=VERTEX_POINT('',#2537);
#891=VERTEX_POINT('',#2540);
#892=VERTEX_POINT('',#2542);
#893=VERTEX_POINT('',#2546);
#894=VERTEX_POINT('',#2550);
#895=VERTEX_POINT('',#2554);
#896=VERTEX_POINT('',#2558);
#897=VERTEX_POINT('',#2562);
#898=VERTEX_POINT('',#2566);
#899=VERTEX_POINT('',#2570);
#900=VERTEX_POINT('',#2574);
#901=VERTEX_POINT('',#2578);
#902=VERTEX_POINT('',#2582);
#903=VERTEX_POINT('',#2586);
#904=VERTEX_POINT('',#2590);
#905=VERTEX_POINT('',#2594);
#906=VERTEX_POINT('',#2598);
#907=VERTEX_POINT('',#2605);
#908=VERTEX_POINT('',#2610);
#909=VERTEX_POINT('',#2612);
#910=LINE('',#2182,#1054);
#911=LINE('',#2185,#1055);
#912=LINE('',#2187,#1056);
#913=LINE('',#2191,#1057);
#914=LINE('',#2195,#1058);
#915=LINE('',#2199,#1059);
#916=LINE('',#2205,#1060);
#917=LINE('',#2207,#1061);
#918=LINE('',#2209,#1062);
#919=LINE('',#2211,#1063);
#920=LINE('',#2213,#1064);
#921=LINE('',#2216,#1065);
#922=LINE('',#2217,#1066);
#923=LINE('',#2222,#1067);
#924=LINE('',#2226,#1068);
#925=LINE('',#2230,#1069);
#926=LINE('',#2234,#1070);
#927=LINE('',#2238,#1071);
#928=LINE('',#2242,#1072);
#929=LINE('',#2246,#1073);
#930=LINE('',#2250,#1074);
#931=LINE('',#2252,#1075);
#932=LINE('',#2254,#1076);
#933=LINE('',#2256,#1077);
#934=LINE('',#2258,#1078);
#935=LINE('',#2264,#1079);
#936=LINE('',#2266,#1080);
#937=LINE('',#2268,#1081);
#938=LINE('',#2270,#1082);
#939=LINE('',#2272,#1083);
#940=LINE('',#2274,#1084);
#941=LINE('',#2280,#1085);
#942=LINE('',#2282,#1086);
#943=LINE('',#2296,#1087);
#944=LINE('',#2300,#1088);
#945=LINE('',#2302,#1089);
#946=LINE('',#2306,#1090);
#947=LINE('',#2310,#1091);
#948=LINE('',#2312,#1092);
#949=LINE('',#2324,#1093);
#950=LINE('',#2326,#1094);
#951=LINE('',#2330,#1095);
#952=LINE('',#2334,#1096);
#953=LINE('',#2336,#1097);
#954=LINE('',#2348,#1098);
#955=LINE('',#2350,#1099);
#956=LINE('',#2354,#1100);
#957=LINE('',#2358,#1101);
#958=LINE('',#2360,#1102);
#959=LINE('',#2372,#1103);
#960=LINE('',#2374,#1104);
#961=LINE('',#2376,#1105);
#962=LINE('',#2378,#1106);
#963=LINE('',#2380,#1107);
#964=LINE('',#2382,#1108);
#965=LINE('',#2384,#1109);
#966=LINE('',#2386,#1110);
#967=LINE('',#2388,#1111);
#968=LINE('',#2392,#1112);
#969=LINE('',#2394,#1113);
#970=LINE('',#2396,#1114);
#971=LINE('',#2400,#1115);
#972=LINE('',#2403,#1116);
#973=LINE('',#2404,#1117);
#974=LINE('',#2406,#1118);
#975=LINE('',#2412,#1119);
#976=LINE('',#2415,#1120);
#977=LINE('',#2416,#1121);
#978=LINE('',#2418,#1122);
#979=LINE('',#2424,#1123);
#980=LINE('',#2426,#1124);
#981=LINE('',#2427,#1125);
#982=LINE('',#2432,#1126);
#983=LINE('',#2436,#1127);
#984=LINE('',#2440,#1128);
#985=LINE('',#2444,#1129);
#986=LINE('',#2446,#1130);
#987=LINE('',#2447,#1131);
#988=LINE('',#2449,#1132);
#989=LINE('',#2451,#1133);
#990=LINE('',#2453,#1134);
#991=LINE('',#2455,#1135);
#992=LINE('',#2457,#1136);
#993=LINE('',#2459,#1137);
#994=LINE('',#2465,#1138);
#995=LINE('',#2466,#1139);
#996=LINE('',#2468,#1140);
#997=LINE('',#2470,#1141);
#998=LINE('',#2474,#1142);
#999=LINE('',#2476,#1143);
#1000=LINE('',#2478,#1144);
#1001=LINE('',#2482,#1145);
#1002=LINE('',#2484,#1146);
#1003=LINE('',#2486,#1147);
#1004=LINE('',#2490,#1148);
#1005=LINE('',#2492,#1149);
#1006=LINE('',#2500,#1150);
#1007=LINE('',#2503,#1151);
#1008=LINE('',#2505,#1152);
#1009=LINE('',#2507,#1153);
#1010=LINE('',#2515,#1154);
#1011=LINE('',#2517,#1155);
#1012=LINE('',#2519,#1156);
#1013=LINE('',#2521,#1157);
#1014=LINE('',#2523,#1158);
#1015=LINE('',#2525,#1159);
#1016=LINE('',#2527,#1160);
#1017=LINE('',#2529,#1161);
#1018=LINE('',#2531,#1162);
#1019=LINE('',#2539,#1163);
#1020=LINE('',#2541,#1164);
#1021=LINE('',#2543,#1165);
#1022=LINE('',#2545,#1166);
#1023=LINE('',#2547,#1167);
#1024=LINE('',#2549,#1168);
#1025=LINE('',#2555,#1169);
#1026=LINE('',#2557,#1170);
#1027=LINE('',#2561,#1171);
#1028=LINE('',#2563,#1172);
#1029=LINE('',#2565,#1173);
#1030=LINE('',#2567,#1174);
#1031=LINE('',#2569,#1175);
#1032=LINE('',#2571,#1176);
#1033=LINE('',#2573,#1177);
#1034=LINE('',#2575,#1178);
#1035=LINE('',#2577,#1179);
#1036=LINE('',#2579,#1180);
#1037=LINE('',#2581,#1181);
#1038=LINE('',#2583,#1182);
#1039=LINE('',#2585,#1183);
#1040=LINE('',#2587,#1184);
#1041=LINE('',#2589,#1185);
#1042=LINE('',#2591,#1186);
#1043=LINE('',#2593,#1187);
#1044=LINE('',#2595,#1188);
#1045=LINE('',#2597,#1189);
#1046=LINE('',#2599,#1190);
#1047=LINE('',#2601,#1191);
#1048=LINE('',#2604,#1192);
#1049=LINE('',#2606,#1193);
#1050=LINE('',#2611,#1194);
#1051=LINE('',#2613,#1195);
#1052=LINE('',#2616,#1196);
#1053=LINE('',#2617,#1197);
#1054=VECTOR('',#1712,1.);
#1055=VECTOR('',#1713,1.);
#1056=VECTOR('',#1714,1.);
#1057=VECTOR('',#1717,1.);
#1058=VECTOR('',#1720,1.);
#1059=VECTOR('',#1723,1.);
#1060=VECTOR('',#1730,1.);
#1061=VECTOR('',#1731,1.);
#1062=VECTOR('',#1732,1.);
#1063=VECTOR('',#1733,1.);
#1064=VECTOR('',#1736,1.);
#1065=VECTOR('',#1737,1.);
#1066=VECTOR('',#1738,1.);
#1067=VECTOR('',#1743,1.);
#1068=VECTOR('',#1746,1.);
#1069=VECTOR('',#1749,1.);
#1070=VECTOR('',#1752,1.);
#1071=VECTOR('',#1755,1.);
#1072=VECTOR('',#1758,1.);
#1073=VECTOR('',#1761,1.);
#1074=VECTOR('',#1764,1.);
#1075=VECTOR('',#1767,1.);
#1076=VECTOR('',#1768,1.);
#1077=VECTOR('',#1769,1.);
#1078=VECTOR('',#1772,1.);
#1079=VECTOR('',#1779,1.);
#1080=VECTOR('',#1782,1.);
#1081=VECTOR('',#1783,1.);
#1082=VECTOR('',#1786,1.);
#1083=VECTOR('',#1787,1.);
#1084=VECTOR('',#1790,1.);
#1085=VECTOR('',#1797,1.);
#1086=VECTOR('',#1800,1.);
#1087=VECTOR('',#1819,1.);
#1088=VECTOR('',#1822,1.);
#1089=VECTOR('',#1825,1.);
#1090=VECTOR('',#1830,1.);
#1091=VECTOR('',#1835,1.);
#1092=VECTOR('',#1836,1.);
#1093=VECTOR('',#1853,1.);
#1094=VECTOR('',#1856,1.);
#1095=VECTOR('',#1861,1.);
#1096=VECTOR('',#1866,1.);
#1097=VECTOR('',#1867,1.);
#1098=VECTOR('',#1884,1.);
#1099=VECTOR('',#1887,1.);
#1100=VECTOR('',#1892,1.);
#1101=VECTOR('',#1897,1.);
#1102=VECTOR('',#1898,1.);
#1103=VECTOR('',#1915,1.);
#1104=VECTOR('',#1918,1.);
#1105=VECTOR('',#1921,1.);
#1106=VECTOR('',#1924,1.);
#1107=VECTOR('',#1927,1.);
#1108=VECTOR('',#1928,1.);
#1109=VECTOR('',#1929,1.);
#1110=VECTOR('',#1932,1.);
#1111=VECTOR('',#1933,1.);
#1112=VECTOR('',#1938,1.);
#1113=VECTOR('',#1939,1.);
#1114=VECTOR('',#1942,1.);
#1115=VECTOR('',#1947,1.);
#1116=VECTOR('',#1948,1.);
#1117=VECTOR('',#1949,1.);
#1118=VECTOR('',#1952,1.);
#1119=VECTOR('',#1959,1.);
#1120=VECTOR('',#1960,1.);
#1121=VECTOR('',#1961,1.);
#1122=VECTOR('',#1964,1.);
#1123=VECTOR('',#1971,1.);
#1124=VECTOR('',#1972,1.);
#1125=VECTOR('',#1973,1.);
#1126=VECTOR('',#1978,1.);
#1127=VECTOR('',#1981,1.);
#1128=VECTOR('',#1984,1.);
#1129=VECTOR('',#1987,1.);
#1130=VECTOR('',#1990,1.);
#1131=VECTOR('',#1991,1.);
#1132=VECTOR('',#1994,1.);
#1133=VECTOR('',#1997,1.);
#1134=VECTOR('',#2000,1.);
#1135=VECTOR('',#2003,1.);
#1136=VECTOR('',#2006,1.);
#1137=VECTOR('',#2009,1.);
#1138=VECTOR('',#2016,1.);
#1139=VECTOR('',#2017,1.);
#1140=VECTOR('',#2020,1.);
#1141=VECTOR('',#2021,1.);
#1142=VECTOR('',#2026,1.);
#1143=VECTOR('',#2029,1.);
#1144=VECTOR('',#2030,1.);
#1145=VECTOR('',#2035,1.);
#1146=VECTOR('',#2038,1.);
#1147=VECTOR('',#2039,1.);
#1148=VECTOR('',#2044,1.);
#1149=VECTOR('',#2047,1.);
#1150=VECTOR('',#2058,1.);
#1151=VECTOR('',#2059,1.);
#1152=VECTOR('',#2060,1.);
#1153=VECTOR('',#2061,1.);
#1154=VECTOR('',#2068,1.);
#1155=VECTOR('',#2069,1.);
#1156=VECTOR('',#2070,1.);
#1157=VECTOR('',#2071,1.);
#1158=VECTOR('',#2072,1.);
#1159=VECTOR('',#2073,1.);
#1160=VECTOR('',#2074,1.);
#1161=VECTOR('',#2075,1.);
#1162=VECTOR('',#2076,1.);
#1163=VECTOR('',#2087,1.);
#1164=VECTOR('',#2088,1.);
#1165=VECTOR('',#2089,1.);
#1166=VECTOR('',#2092,1.);
#1167=VECTOR('',#2093,1.);
#1168=VECTOR('',#2096,1.);
#1169=VECTOR('',#2103,1.);
#1170=VECTOR('',#2106,1.);
#1171=VECTOR('',#2111,1.);
#1172=VECTOR('',#2112,1.);
#1173=VECTOR('',#2115,1.);
#1174=VECTOR('',#2116,1.);
#1175=VECTOR('',#2119,1.);
#1176=VECTOR('',#2120,1.);
#1177=VECTOR('',#2123,1.);
#1178=VECTOR('',#2124,1.);
#1179=VECTOR('',#2127,1.);
#1180=VECTOR('',#2128,1.);
#1181=VECTOR('',#2131,1.);
#1182=VECTOR('',#2132,1.);
#1183=VECTOR('',#2135,1.);
#1184=VECTOR('',#2136,1.);
#1185=VECTOR('',#2139,1.);
#1186=VECTOR('',#2140,1.);
#1187=VECTOR('',#2143,1.);
#1188=VECTOR('',#2144,1.);
#1189=VECTOR('',#2147,1.);
#1190=VECTOR('',#2148,1.);
#1191=VECTOR('',#2151,1.);
#1192=VECTOR('',#2156,1.);
#1193=VECTOR('',#2157,1.);
#1194=VECTOR('',#2164,1.);
#1195=VECTOR('',#2165,1.);
#1196=VECTOR('',#2170,1.);
#1197=VECTOR('',#2171,1.);
#1198=EDGE_LOOP('',(#128,#129,#130,#131,#132,#133,#134,#135,#136,#137));
#1199=EDGE_LOOP('',(#138,#139,#140,#141,#142,#143));
#1200=EDGE_LOOP('',(#144,#145,#146,#147));
#1201=EDGE_LOOP('',(#148,#149,#150,#151,#152,#153,#154,#155));
#1202=EDGE_LOOP('',(#156,#157,#158,#159,#160,#161,#162,#163));
#1203=EDGE_LOOP('',(#164,#165,#166,#167));
#1204=EDGE_LOOP('',(#168,#169,#170,#171));
#1205=EDGE_LOOP('',(#172,#173,#174,#175));
#1206=EDGE_LOOP('',(#176,#177,#178,#179));
#1207=EDGE_LOOP('',(#180,#181,#182,#183));
#1208=EDGE_LOOP('',(#184,#185,#186,#187));
#1209=EDGE_LOOP('',(#188,#189,#190,#191));
#1210=EDGE_LOOP('',(#192,#193,#194,#195));
#1211=EDGE_LOOP('',(#196,#197,#198,#199));
#1212=EDGE_LOOP('',(#200,#201,#202,#203));
#1213=EDGE_LOOP('',(#204,#205,#206,#207));
#1214=EDGE_LOOP('',(#208,#209,#210,#211));
#1215=EDGE_LOOP('',(#212,#213,#214,#215));
#1216=EDGE_LOOP('',(#216,#217,#218,#219));
#1217=EDGE_LOOP('',(#220,#221,#222,#223));
#1218=EDGE_LOOP('',(#224,#225,#226,#227));
#1219=EDGE_LOOP('',(#228,#229,#230,#231));
#1220=EDGE_LOOP('',(#232,#233,#234,#235));
#1221=EDGE_LOOP('',(#236,#237,#238,#239));
#1222=EDGE_LOOP('',(#240,#241,#242,#243));
#1223=EDGE_LOOP('',(#244,#245,#246,#247));
#1224=EDGE_LOOP('',(#248,#249,#250,#251));
#1225=EDGE_LOOP('',(#252,#253,#254,#255));
#1226=EDGE_LOOP('',(#256,#257,#258,#259));
#1227=EDGE_LOOP('',(#260,#261,#262,#263));
#1228=EDGE_LOOP('',(#264,#265,#266,#267));
#1229=EDGE_LOOP('',(#268,#269,#270,#271));
#1230=EDGE_LOOP('',(#272,#273,#274,#275));
#1231=EDGE_LOOP('',(#276,#277,#278,#279));
#1232=EDGE_LOOP('',(#280,#281,#282,#283));
#1233=EDGE_LOOP('',(#284,#285,#286,#287));
#1234=EDGE_LOOP('',(#288,#289,#290,#291));
#1235=EDGE_LOOP('',(#292,#293,#294,#295));
#1236=EDGE_LOOP('',(#296,#297,#298,#299));
#1237=EDGE_LOOP('',(#300,#301,#302,#303));
#1238=EDGE_LOOP('',(#304,#305,#306,#307));
#1239=EDGE_LOOP('',(#308,#309,#310,#311,#312));
#1240=EDGE_LOOP('',(#313,#314,#315,#316));
#1241=EDGE_LOOP('',(#317,#318,#319,#320));
#1242=EDGE_LOOP('',(#321,#322,#323,#324));
#1243=EDGE_LOOP('',(#325,#326,#327,#328,#329));
#1244=EDGE_LOOP('',(#330,#331,#332,#333,#334,#335,#336,#337));
#1245=EDGE_LOOP('',(#338,#339,#340,#341,#342,#343,#344,#345));
#1246=EDGE_LOOP('',(#346,#347,#348,#349));
#1247=EDGE_LOOP('',(#350,#351,#352,#353));
#1248=EDGE_LOOP('',(#354,#355,#356,#357));
#1249=EDGE_LOOP('',(#358,#359,#360,#361));
#1250=EDGE_LOOP('',(#362,#363,#364,#365));
#1251=EDGE_LOOP('',(#366,#367,#368,#369));
#1252=EDGE_LOOP('',(#370,#371,#372,#373));
#1253=EDGE_LOOP('',(#374,#375,#376,#377));
#1254=EDGE_LOOP('',(#378,#379,#380,#381));
#1255=EDGE_LOOP('',(#382,#383,#384,#385));
#1256=EDGE_LOOP('',(#386,#387,#388,#389));
#1257=EDGE_LOOP('',(#390,#391,#392,#393));
#1258=EDGE_LOOP('',(#394,#395,#396,#397));
#1259=EDGE_LOOP('',(#398,#399,#400,#401));
#1260=EDGE_LOOP('',(#402,#403,#404,#405));
#1261=EDGE_LOOP('',(#406,#407,#408,#409));
#1262=EDGE_LOOP('',(#410));
#1263=EDGE_LOOP('',(#411));
#1264=EDGE_LOOP('',(#412,#413,#414,#415,#416,#417,#418,#419,#420,#421,#422,
#423,#424,#425,#426,#427));
#1265=EDGE_LOOP('',(#428));
#1266=EDGE_LOOP('',(#429));
#1267=EDGE_LOOP('',(#430));
#1268=EDGE_LOOP('',(#431));
#1269=EDGE_LOOP('',(#432,#433,#434,#435));
#1270=EDGE_LOOP('',(#436,#437,#438,#439));
#1271=EDGE_LOOP('',(#440,#441,#442,#443));
#1272=EDGE_LOOP('',(#444,#445,#446,#447));
#1273=EDGE_LOOP('',(#448,#449,#450,#451));
#1274=EDGE_LOOP('',(#452,#453,#454,#455));
#1275=EDGE_LOOP('',(#456,#457,#458,#459));
#1276=EDGE_LOOP('',(#460,#461,#462,#463));
#1277=EDGE_LOOP('',(#464,#465,#466,#467));
#1278=EDGE_LOOP('',(#468,#469,#470,#471));
#1279=EDGE_LOOP('',(#472,#473,#474,#475));
#1280=EDGE_LOOP('',(#476,#477,#478,#479));
#1281=EDGE_LOOP('',(#480,#481,#482,#483));
#1282=EDGE_LOOP('',(#484,#485,#486,#487));
#1283=EDGE_LOOP('',(#488,#489,#490,#491));
#1284=EDGE_LOOP('',(#492,#493,#494,#495));
#1285=EDGE_LOOP('',(#496,#497,#498,#499,#500,#501,#502,#503));
#1286=EDGE_LOOP('',(#504,#505,#506,#507,#508,#509,#510,#511,#512,#513,#514,
#515,#516,#517,#518,#519));
#1287=EDGE_LOOP('',(#520));
#1288=EDGE_LOOP('',(#521));
#1289=EDGE_LOOP('',(#522,#523,#524,#525));
#1290=EDGE_LOOP('',(#526,#527,#528,#529,#530,#531,#532,#533,#534,#535,#536,
#537));
#1291=EDGE_LOOP('',(#538,#539,#540,#541,#542,#543));
#1292=EDGE_LOOP('',(#544,#545,#546,#547));
#1293=EDGE_LOOP('',(#548,#549,#550,#551));
#1294=EDGE_LOOP('',(#552,#553,#554,#555));
#1295=EDGE_LOOP('',(#556,#557,#558,#559));
#1296=FACE_BOUND('',#1198,.T.);
#1297=FACE_BOUND('',#1199,.T.);
#1298=FACE_BOUND('',#1200,.T.);
#1299=FACE_BOUND('',#1201,.T.);
#1300=FACE_BOUND('',#1202,.T.);
#1301=FACE_BOUND('',#1203,.T.);
#1302=FACE_BOUND('',#1204,.T.);
#1303=FACE_BOUND('',#1205,.T.);
#1304=FACE_BOUND('',#1206,.T.);
#1305=FACE_BOUND('',#1207,.T.);
#1306=FACE_BOUND('',#1208,.T.);
#1307=FACE_BOUND('',#1209,.T.);
#1308=FACE_BOUND('',#1210,.T.);
#1309=FACE_BOUND('',#1211,.T.);
#1310=FACE_BOUND('',#1212,.T.);
#1311=FACE_BOUND('',#1213,.T.);
#1312=FACE_BOUND('',#1214,.T.);
#1313=FACE_BOUND('',#1215,.T.);
#1314=FACE_BOUND('',#1216,.T.);
#1315=FACE_BOUND('',#1217,.T.);
#1316=FACE_BOUND('',#1218,.T.);
#1317=FACE_BOUND('',#1219,.T.);
#1318=FACE_BOUND('',#1220,.T.);
#1319=FACE_BOUND('',#1221,.T.);
#1320=FACE_BOUND('',#1222,.T.);
#1321=FACE_BOUND('',#1223,.T.);
#1322=FACE_BOUND('',#1224,.T.);
#1323=FACE_BOUND('',#1225,.T.);
#1324=FACE_BOUND('',#1226,.T.);
#1325=FACE_BOUND('',#1227,.T.);
#1326=FACE_BOUND('',#1228,.T.);
#1327=FACE_BOUND('',#1229,.T.);
#1328=FACE_BOUND('',#1230,.T.);
#1329=FACE_BOUND('',#1231,.T.);
#1330=FACE_BOUND('',#1232,.T.);
#1331=FACE_BOUND('',#1233,.T.);
#1332=FACE_BOUND('',#1234,.T.);
#1333=FACE_BOUND('',#1235,.T.);
#1334=FACE_BOUND('',#1236,.T.);
#1335=FACE_BOUND('',#1237,.T.);
#1336=FACE_BOUND('',#1238,.T.);
#1337=FACE_BOUND('',#1239,.T.);
#1338=FACE_BOUND('',#1240,.T.);
#1339=FACE_BOUND('',#1241,.T.);
#1340=FACE_BOUND('',#1242,.T.);
#1341=FACE_BOUND('',#1243,.T.);
#1342=FACE_BOUND('',#1244,.T.);
#1343=FACE_BOUND('',#1245,.T.);
#1344=FACE_BOUND('',#1246,.T.);
#1345=FACE_BOUND('',#1247,.T.);
#1346=FACE_BOUND('',#1248,.T.);
#1347=FACE_BOUND('',#1249,.T.);
#1348=FACE_BOUND('',#1250,.T.);
#1349=FACE_BOUND('',#1251,.T.);
#1350=FACE_BOUND('',#1252,.T.);
#1351=FACE_BOUND('',#1253,.T.);
#1352=FACE_BOUND('',#1254,.T.);
#1353=FACE_BOUND('',#1255,.T.);
#1354=FACE_BOUND('',#1256,.T.);
#1355=FACE_BOUND('',#1257,.T.);
#1356=FACE_BOUND('',#1258,.T.);
#1357=FACE_BOUND('',#1259,.T.);
#1358=FACE_BOUND('',#1260,.T.);
#1359=FACE_BOUND('',#1261,.T.);
#1360=FACE_BOUND('',#1262,.T.);
#1361=FACE_BOUND('',#1263,.T.);
#1362=FACE_BOUND('',#1264,.T.);
#1363=FACE_BOUND('',#1265,.T.);
#1364=FACE_BOUND('',#1266,.T.);
#1365=FACE_BOUND('',#1267,.T.);
#1366=FACE_BOUND('',#1268,.T.);
#1367=FACE_BOUND('',#1269,.T.);
#1368=FACE_BOUND('',#1270,.T.);
#1369=FACE_BOUND('',#1271,.T.);
#1370=FACE_BOUND('',#1272,.T.);
#1371=FACE_BOUND('',#1273,.T.);
#1372=FACE_BOUND('',#1274,.T.);
#1373=FACE_BOUND('',#1275,.T.);
#1374=FACE_BOUND('',#1276,.T.);
#1375=FACE_BOUND('',#1277,.T.);
#1376=FACE_BOUND('',#1278,.T.);
#1377=FACE_BOUND('',#1279,.T.);
#1378=FACE_BOUND('',#1280,.T.);
#1379=FACE_BOUND('',#1281,.T.);
#1380=FACE_BOUND('',#1282,.T.);
#1381=FACE_BOUND('',#1283,.T.);
#1382=FACE_BOUND('',#1284,.T.);
#1383=FACE_BOUND('',#1285,.T.);
#1384=FACE_BOUND('',#1286,.T.);
#1385=FACE_BOUND('',#1287,.T.);
#1386=FACE_BOUND('',#1288,.T.);
#1387=FACE_BOUND('',#1289,.T.);
#1388=FACE_BOUND('',#1290,.T.);
#1389=FACE_BOUND('',#1291,.T.);
#1390=FACE_BOUND('',#1292,.T.);
#1391=FACE_BOUND('',#1293,.T.);
#1392=FACE_BOUND('',#1294,.T.);
#1393=FACE_BOUND('',#1295,.T.);
#1394=PLANE('',#1545);
#1395=PLANE('',#1550);
#1396=PLANE('',#1552);
#1397=PLANE('',#1553);
#1398=PLANE('',#1562);
#1399=PLANE('',#1567);
#1400=PLANE('',#1568);
#1401=PLANE('',#1573);
#1402=PLANE('',#1588);
#1403=PLANE('',#1601);
#1404=PLANE('',#1614);
#1405=PLANE('',#1625);
#1406=PLANE('',#1626);
#1407=PLANE('',#1629);
#1408=PLANE('',#1632);
#1409=PLANE('',#1636);
#1410=PLANE('',#1640);
#1411=PLANE('',#1641);
#1412=PLANE('',#1647);
#1413=PLANE('',#1648);
#1414=PLANE('',#1651);
#1415=PLANE('',#1652);
#1416=PLANE('',#1656);
#1417=PLANE('',#1659);
#1418=PLANE('',#1662);
#1419=PLANE('',#1665);
#1420=PLANE('',#1666);
#1421=PLANE('',#1668);
#1422=PLANE('',#1670);
#1423=PLANE('',#1678);
#1424=PLANE('',#1679);
#1425=PLANE('',#1686);
#1426=PLANE('',#1687);
#1427=PLANE('',#1688);
#1428=PLANE('',#1689);
#1429=PLANE('',#1690);
#1430=PLANE('',#1691);
#1431=PLANE('',#1692);
#1432=PLANE('',#1693);
#1433=PLANE('',#1694);
#1434=PLANE('',#1695);
#1435=PLANE('',#1696);
#1436=PLANE('',#1697);
#1437=PLANE('',#1698);
#1438=PLANE('',#1699);
#1439=PLANE('',#1702);
#1440=PLANE('',#1704);
#1441=ADVANCED_FACE('',(#1296),#1394,.T.);
#1442=ADVANCED_FACE('',(#1297),#1395,.F.);
#1443=ADVANCED_FACE('',(#1298),#1396,.F.);
#1444=ADVANCED_FACE('',(#1299,#1300),#1397,.F.);
#1445=ADVANCED_FACE('',(#1301),#1398,.T.);
#1446=ADVANCED_FACE('',(#1302),#42,.F.);
#1447=ADVANCED_FACE('',(#1303),#43,.F.);
#1448=ADVANCED_FACE('',(#1304),#1399,.T.);
#1449=ADVANCED_FACE('',(#1305),#1400,.T.);
#1450=ADVANCED_FACE('',(#1306),#44,.F.);
#1451=ADVANCED_FACE('',(#1307),#45,.F.);
#1452=ADVANCED_FACE('',(#1308),#1401,.T.);
#1453=ADVANCED_FACE('',(#1309),#34,.T.);
#1454=ADVANCED_FACE('',(#1310),#35,.T.);
#1455=ADVANCED_FACE('',(#1311),#46,.T.);
#1456=ADVANCED_FACE('',(#1312),#12,.T.);
#1457=ADVANCED_FACE('',(#1313),#13,.T.);
#1458=ADVANCED_FACE('',(#1314),#1402,.T.);
#1459=ADVANCED_FACE('',(#1315),#36,.T.);
#1460=ADVANCED_FACE('',(#1316),#37,.T.);
#1461=ADVANCED_FACE('',(#1317),#47,.T.);
#1462=ADVANCED_FACE('',(#1318),#14,.T.);
#1463=ADVANCED_FACE('',(#1319),#15,.T.);
#1464=ADVANCED_FACE('',(#1320),#1403,.T.);
#1465=ADVANCED_FACE('',(#1321),#38,.T.);
#1466=ADVANCED_FACE('',(#1322),#39,.T.);
#1467=ADVANCED_FACE('',(#1323),#48,.T.);
#1468=ADVANCED_FACE('',(#1324),#16,.T.);
#1469=ADVANCED_FACE('',(#1325),#17,.T.);
#1470=ADVANCED_FACE('',(#1326),#1404,.T.);
#1471=ADVANCED_FACE('',(#1327),#40,.T.);
#1472=ADVANCED_FACE('',(#1328),#41,.T.);
#1473=ADVANCED_FACE('',(#1329),#49,.T.);
#1474=ADVANCED_FACE('',(#1330),#18,.T.);
#1475=ADVANCED_FACE('',(#1331),#19,.T.);
#1476=ADVANCED_FACE('',(#1332),#1405,.T.);
#1477=ADVANCED_FACE('',(#1333),#1406,.T.);
#1478=ADVANCED_FACE('',(#1334),#20,.T.);
#1479=ADVANCED_FACE('',(#1335),#1407,.T.);
#1480=ADVANCED_FACE('',(#1336),#21,.T.);
#1481=ADVANCED_FACE('',(#1337),#1408,.T.);
#1482=ADVANCED_FACE('',(#1338),#22,.T.);
#1483=ADVANCED_FACE('',(#1339),#1409,.T.);
#1484=ADVANCED_FACE('',(#1340),#23,.T.);
#1485=ADVANCED_FACE('',(#1341),#1410,.T.);
#1486=ADVANCED_FACE('',(#1342,#1343),#1411,.F.);
#1487=ADVANCED_FACE('',(#1344),#50,.T.);
#1488=ADVANCED_FACE('',(#1345),#1412,.T.);
#1489=ADVANCED_FACE('',(#1346),#1413,.T.);
#1490=ADVANCED_FACE('',(#1347),#51,.T.);
#1491=ADVANCED_FACE('',(#1348),#52,.T.);
#1492=ADVANCED_FACE('',(#1349),#1414,.T.);
#1493=ADVANCED_FACE('',(#1350),#1415,.T.);
#1494=ADVANCED_FACE('',(#1351),#53,.T.);
#1495=ADVANCED_FACE('',(#1352),#24,.F.);
#1496=ADVANCED_FACE('',(#1353),#1416,.T.);
#1497=ADVANCED_FACE('',(#1354),#25,.F.);
#1498=ADVANCED_FACE('',(#1355),#1417,.T.);
#1499=ADVANCED_FACE('',(#1356),#26,.F.);
#1500=ADVANCED_FACE('',(#1357),#1418,.T.);
#1501=ADVANCED_FACE('',(#1358),#27,.F.);
#1502=ADVANCED_FACE('',(#1359),#1419,.T.);
#1503=ADVANCED_FACE('',(#1360),#1420,.T.);
#1504=ADVANCED_FACE('',(#1361),#1421,.T.);
#1505=ADVANCED_FACE('',(#1362),#1422,.F.);
#1506=ADVANCED_FACE('',(#1363,#1364),#54,.T.);
#1507=ADVANCED_FACE('',(#1365,#1366),#55,.T.);
#1508=ADVANCED_FACE('',(#1367),#1423,.T.);
#1509=ADVANCED_FACE('',(#1368),#1424,.T.);
#1510=ADVANCED_FACE('',(#1369),#28,.T.);
#1511=ADVANCED_FACE('',(#1370),#29,.F.);
#1512=ADVANCED_FACE('',(#1371),#30,.T.);
#1513=ADVANCED_FACE('',(#1372),#1425,.T.);
#1514=ADVANCED_FACE('',(#1373),#1426,.T.);
#1515=ADVANCED_FACE('',(#1374),#1427,.T.);
#1516=ADVANCED_FACE('',(#1375),#1428,.T.);
#1517=ADVANCED_FACE('',(#1376),#1429,.T.);
#1518=ADVANCED_FACE('',(#1377),#1430,.T.);
#1519=ADVANCED_FACE('',(#1378),#1431,.T.);
#1520=ADVANCED_FACE('',(#1379),#1432,.T.);
#1521=ADVANCED_FACE('',(#1380),#1433,.T.);
#1522=ADVANCED_FACE('',(#1381),#1434,.T.);
#1523=ADVANCED_FACE('',(#1382),#1435,.T.);
#1524=ADVANCED_FACE('',(#1383,#1384,#1385,#1386),#1436,.F.);
#1525=ADVANCED_FACE('',(#1387),#1437,.F.);
#1526=ADVANCED_FACE('',(#1388),#1438,.T.);
#1527=ADVANCED_FACE('',(#1389),#1439,.T.);
#1528=ADVANCED_FACE('',(#1390),#1440,.F.);
#1529=ADVANCED_FACE('',(#1391),#31,.T.);
#1530=ADVANCED_FACE('',(#1392),#32,.T.);
#1531=ADVANCED_FACE('',(#1393),#33,.T.);
#1532=CLOSED_SHELL('',(#1441,#1442,#1443,#1444,#1445,#1446,#1447,#1448,
#1449,#1450,#1451,#1452,#1453,#1454,#1455,#1456,#1457,#1458,#1459,#1460,
#1461,#1462,#1463,#1464,#1465,#1466,#1467,#1468,#1469,#1470,#1471,#1472,
#1473,#1474,#1475,#1476,#1477,#1478,#1479,#1480,#1481,#1482,#1483,#1484,
#1485,#1486,#1487,#1488,#1489,#1490,#1491,#1492,#1493,#1494,#1495,#1496,
#1497,#1498,#1499,#1500,#1501,#1502,#1503,#1504,#1505,#1506,#1507,#1508,
#1509,#1510,#1511,#1512,#1513,#1514,#1515,#1516,#1517,#1518,#1519,#1520,
#1521,#1522,#1523,#1524,#1525,#1526,#1527,#1528,#1529,#1530,#1531));
#1533=STYLED_ITEM('',(#1534),#1541);
#1534=PRESENTATION_STYLE_ASSIGNMENT((#1535));
#1535=SURFACE_STYLE_USAGE(.BOTH.,#1536);
#1536=SURFACE_SIDE_STYLE('',(#1537));
#1537=SURFACE_STYLE_FILL_AREA(#1538);
#1538=FILL_AREA_STYLE('',(#1539));
#1539=FILL_AREA_STYLE_COLOUR('',#1540);
#1540=COLOUR_RGB('',0.917647058823529,0.917647058823529,0.917647058823529);
#1541=MANIFOLD_SOLID_BREP('case back',#1532);
#1542=SHAPE_DEFINITION_REPRESENTATION(#2628,#1543);
#1543=SHAPE_REPRESENTATION('case back',(#1544),#2623);
#1544=AXIS2_PLACEMENT_3D('',#2180,#1708,#1709);
#1545=AXIS2_PLACEMENT_3D('',#2181,#1710,#1711);
#1546=AXIS2_PLACEMENT_3D('',#2189,#1715,#1716);
#1547=AXIS2_PLACEMENT_3D('',#2193,#1718,#1719);
#1548=AXIS2_PLACEMENT_3D('',#2197,#1721,#1722);
#1549=AXIS2_PLACEMENT_3D('',#2201,#1724,#1725);
#1550=AXIS2_PLACEMENT_3D('',#2202,#1726,#1727);
#1551=AXIS2_PLACEMENT_3D('',#2203,#1728,#1729);
#1552=AXIS2_PLACEMENT_3D('',#2212,#1734,#1735);
#1553=AXIS2_PLACEMENT_3D('',#2218,#1739,#1740);
#1554=AXIS2_PLACEMENT_3D('',#2219,#1741,#1742);
#1555=AXIS2_PLACEMENT_3D('',#2224,#1744,#1745);
#1556=AXIS2_PLACEMENT_3D('',#2228,#1747,#1748);
#1557=AXIS2_PLACEMENT_3D('',#2232,#1750,#1751);
#1558=AXIS2_PLACEMENT_3D('',#2235,#1753,#1754);
#1559=AXIS2_PLACEMENT_3D('',#2240,#1756,#1757);
#1560=AXIS2_PLACEMENT_3D('',#2244,#1759,#1760);
#1561=AXIS2_PLACEMENT_3D('',#2248,#1762,#1763);
#1562=AXIS2_PLACEMENT_3D('',#2251,#1765,#1766);
#1563=AXIS2_PLACEMENT_3D('',#2257,#1770,#1771);
#1564=AXIS2_PLACEMENT_3D('',#2260,#1773,#1774);
#1565=AXIS2_PLACEMENT_3D('',#2261,#1775,#1776);
#1566=AXIS2_PLACEMENT_3D('',#2262,#1777,#1778);
#1567=AXIS2_PLACEMENT_3D('',#2265,#1780,#1781);
#1568=AXIS2_PLACEMENT_3D('',#2269,#1784,#1785);
#1569=AXIS2_PLACEMENT_3D('',#2273,#1788,#1789);
#1570=AXIS2_PLACEMENT_3D('',#2276,#1791,#1792);
#1571=AXIS2_PLACEMENT_3D('',#2277,#1793,#1794);
#1572=AXIS2_PLACEMENT_3D('',#2278,#1795,#1796);
#1573=AXIS2_PLACEMENT_3D('',#2281,#1798,#1799);
#1574=AXIS2_PLACEMENT_3D('',#2283,#1801,#1802);
#1575=AXIS2_PLACEMENT_3D('',#2284,#1803,#1804);
#1576=AXIS2_PLACEMENT_3D('',#2286,#1805,#1806);
#1577=AXIS2_PLACEMENT_3D('',#2288,#1807,#1808);
#1578=AXIS2_PLACEMENT_3D('',#2289,#1809,#1810);
#1579=AXIS2_PLACEMENT_3D('',#2290,#1811,#1812);
#1580=AXIS2_PLACEMENT_3D('',#2292,#1813,#1814);
#1581=AXIS2_PLACEMENT_3D('',#2294,#1815,#1816);
#1582=AXIS2_PLACEMENT_3D('',#2295,#1817,#1818);
#1583=AXIS2_PLACEMENT_3D('',#2298,#1820,#1821);
#1584=AXIS2_PLACEMENT_3D('',#2301,#1823,#1824);
#1585=AXIS2_PLACEMENT_3D('',#2304,#1826,#1827);
#1586=AXIS2_PLACEMENT_3D('',#2305,#1828,#1829);
#1587=AXIS2_PLACEMENT_3D('',#2308,#1831,#1832);
#1588=AXIS2_PLACEMENT_3D('',#2309,#1833,#1834);
#1589=AXIS2_PLACEMENT_3D('',#2313,#1837,#1838);
#1590=AXIS2_PLACEMENT_3D('',#2314,#1839,#1840);
#1591=AXIS2_PLACEMENT_3D('',#2316,#1841,#1842);
#1592=AXIS2_PLACEMENT_3D('',#2317,#1843,#1844);
#1593=AXIS2_PLACEMENT_3D('',#2318,#1845,#1846);
#1594=AXIS2_PLACEMENT_3D('',#2320,#1847,#1848);
#1595=AXIS2_PLACEMENT_3D('',#2321,#1849,#1850);
#1596=AXIS2_PLACEMENT_3D('',#2322,#1851,#1852);
#1597=AXIS2_PLACEMENT_3D('',#2325,#1854,#1855);
#1598=AXIS2_PLACEMENT_3D('',#2328,#1857,#1858);
#1599=AXIS2_PLACEMENT_3D('',#2329,#1859,#1860);
#1600=AXIS2_PLACEMENT_3D('',#2332,#1862,#1863);
#1601=AXIS2_PLACEMENT_3D('',#2333,#1864,#1865);
#1602=AXIS2_PLACEMENT_3D('',#2337,#1868,#1869);
#1603=AXIS2_PLACEMENT_3D('',#2338,#1870,#1871);
#1604=AXIS2_PLACEMENT_3D('',#2340,#1872,#1873);
#1605=AXIS2_PLACEMENT_3D('',#2341,#1874,#1875);
#1606=AXIS2_PLACEMENT_3D('',#2342,#1876,#1877);
#1607=AXIS2_PLACEMENT_3D('',#2344,#1878,#1879);
#1608=AXIS2_PLACEMENT_3D('',#2345,#1880,#1881);
#1609=AXIS2_PLACEMENT_3D('',#2346,#1882,#1883);
#1610=AXIS2_PLACEMENT_3D('',#2349,#1885,#1886);
#1611=AXIS2_PLACEMENT_3D('',#2352,#1888,#1889);
#1612=AXIS2_PLACEMENT_3D('',#2353,#1890,#1891);
#1613=AXIS2_PLACEMENT_3D('',#2356,#1893,#1894);
#1614=AXIS2_PLACEMENT_3D('',#2357,#1895,#1896);
#1615=AXIS2_PLACEMENT_3D('',#2361,#1899,#1900);
#1616=AXIS2_PLACEMENT_3D('',#2362,#1901,#1902);
#1617=AXIS2_PLACEMENT_3D('',#2364,#1903,#1904);
#1618=AXIS2_PLACEMENT_3D('',#2365,#1905,#1906);
#1619=AXIS2_PLACEMENT_3D('',#2366,#1907,#1908);
#1620=AXIS2_PLACEMENT_3D('',#2368,#1909,#1910);
#1621=AXIS2_PLACEMENT_3D('',#2369,#1911,#1912);
#1622=AXIS2_PLACEMENT_3D('',#2370,#1913,#1914);
#1623=AXIS2_PLACEMENT_3D('',#2373,#1916,#1917);
#1624=AXIS2_PLACEMENT_3D('',#2375,#1919,#1920);
#1625=AXIS2_PLACEMENT_3D('',#2377,#1922,#1923);
#1626=AXIS2_PLACEMENT_3D('',#2379,#1925,#1926);
#1627=AXIS2_PLACEMENT_3D('',#2385,#1930,#1931);
#1628=AXIS2_PLACEMENT_3D('',#2390,#1934,#1935);
#1629=AXIS2_PLACEMENT_3D('',#2391,#1936,#1937);
#1630=AXIS2_PLACEMENT_3D('',#2395,#1940,#1941);
#1631=AXIS2_PLACEMENT_3D('',#2398,#1943,#1944);
#1632=AXIS2_PLACEMENT_3D('',#2399,#1945,#1946);
#1633=AXIS2_PLACEMENT_3D('',#2405,#1950,#1951);
#1634=AXIS2_PLACEMENT_3D('',#2409,#1953,#1954);
#1635=AXIS2_PLACEMENT_3D('',#2410,#1955,#1956);
#1636=AXIS2_PLACEMENT_3D('',#2411,#1957,#1958);
#1637=AXIS2_PLACEMENT_3D('',#2417,#1962,#1963);
#1638=AXIS2_PLACEMENT_3D('',#2421,#1965,#1966);
#1639=AXIS2_PLACEMENT_3D('',#2422,#1967,#1968);
#1640=AXIS2_PLACEMENT_3D('',#2423,#1969,#1970);
#1641=AXIS2_PLACEMENT_3D('',#2428,#1974,#1975);
#1642=AXIS2_PLACEMENT_3D('',#2429,#1976,#1977);
#1643=AXIS2_PLACEMENT_3D('',#2434,#1979,#1980);
#1644=AXIS2_PLACEMENT_3D('',#2438,#1982,#1983);
#1645=AXIS2_PLACEMENT_3D('',#2442,#1985,#1986);
#1646=AXIS2_PLACEMENT_3D('',#2445,#1988,#1989);
#1647=AXIS2_PLACEMENT_3D('',#2448,#1992,#1993);
#1648=AXIS2_PLACEMENT_3D('',#2450,#1995,#1996);
#1649=AXIS2_PLACEMENT_3D('',#2452,#1998,#1999);
#1650=AXIS2_PLACEMENT_3D('',#2454,#2001,#2002);
#1651=AXIS2_PLACEMENT_3D('',#2456,#2004,#2005);
#1652=AXIS2_PLACEMENT_3D('',#2458,#2007,#2008);
#1653=AXIS2_PLACEMENT_3D('',#2460,#2010,#2011);
#1654=AXIS2_PLACEMENT_3D('',#2461,#2012,#2013);
#1655=AXIS2_PLACEMENT_3D('',#2462,#2014,#2015);
#1656=AXIS2_PLACEMENT_3D('',#2467,#2018,#2019);
#1657=AXIS2_PLACEMENT_3D('',#2471,#2022,#2023);
#1658=AXIS2_PLACEMENT_3D('',#2472,#2024,#2025);
#1659=AXIS2_PLACEMENT_3D('',#2475,#2027,#2028);
#1660=AXIS2_PLACEMENT_3D('',#2479,#2031,#2032);
#1661=AXIS2_PLACEMENT_3D('',#2480,#2033,#2034);
#1662=AXIS2_PLACEMENT_3D('',#2483,#2036,#2037);
#1663=AXIS2_PLACEMENT_3D('',#2487,#2040,#2041);
#1664=AXIS2_PLACEMENT_3D('',#2488,#2042,#2043);
#1665=AXIS2_PLACEMENT_3D('',#2491,#2045,#2046);
#1666=AXIS2_PLACEMENT_3D('',#2493,#2048,#2049);
#1667=AXIS2_PLACEMENT_3D('',#2494,#2050,#2051);
#1668=AXIS2_PLACEMENT_3D('',#2496,#2052,#2053);
#1669=AXIS2_PLACEMENT_3D('',#2497,#2054,#2055);
#1670=AXIS2_PLACEMENT_3D('',#2499,#2056,#2057);
#1671=AXIS2_PLACEMENT_3D('',#2509,#2062,#2063);
#1672=AXIS2_PLACEMENT_3D('',#2511,#2064,#2065);
#1673=AXIS2_PLACEMENT_3D('',#2513,#2066,#2067);
#1674=AXIS2_PLACEMENT_3D('',#2532,#2077,#2078);
#1675=AXIS2_PLACEMENT_3D('',#2533,#2079,#2080);
#1676=AXIS2_PLACEMENT_3D('',#2535,#2081,#2082);
#1677=AXIS2_PLACEMENT_3D('',#2536,#2083,#2084);
#1678=AXIS2_PLACEMENT_3D('',#2538,#2085,#2086);
#1679=AXIS2_PLACEMENT_3D('',#2544,#2090,#2091);
#1680=AXIS2_PLACEMENT_3D('',#2548,#2094,#2095);
#1681=AXIS2_PLACEMENT_3D('',#2551,#2097,#2098);
#1682=AXIS2_PLACEMENT_3D('',#2552,#2099,#2100);
#1683=AXIS2_PLACEMENT_3D('',#2553,#2101,#2102);
#1684=AXIS2_PLACEMENT_3D('',#2556,#2104,#2105);
#1685=AXIS2_PLACEMENT_3D('',#2559,#2107,#2108);
#1686=AXIS2_PLACEMENT_3D('',#2560,#2109,#2110);
#1687=AXIS2_PLACEMENT_3D('',#2564,#2113,#2114);
#1688=AXIS2_PLACEMENT_3D('',#2568,#2117,#2118);
#1689=AXIS2_PLACEMENT_3D('',#2572,#2121,#2122);
#1690=AXIS2_PLACEMENT_3D('',#2576,#2125,#2126);
#1691=AXIS2_PLACEMENT_3D('',#2580,#2129,#2130);
#1692=AXIS2_PLACEMENT_3D('',#2584,#2133,#2134);
#1693=AXIS2_PLACEMENT_3D('',#2588,#2137,#2138);
#1694=AXIS2_PLACEMENT_3D('',#2592,#2141,#2142);
#1695=AXIS2_PLACEMENT_3D('',#2596,#2145,#2146);
#1696=AXIS2_PLACEMENT_3D('',#2600,#2149,#2150);
#1697=AXIS2_PLACEMENT_3D('',#2602,#2152,#2153);
#1698=AXIS2_PLACEMENT_3D('',#2603,#2154,#2155);
#1699=AXIS2_PLACEMENT_3D('',#2607,#2158,#2159);
#1700=AXIS2_PLACEMENT_3D('',#2608,#2160,#2161);
#1701=AXIS2_PLACEMENT_3D('',#2609,#2162,#2163);
#1702=AXIS2_PLACEMENT_3D('',#2614,#2166,#2167);
#1703=AXIS2_PLACEMENT_3D('',#2615,#2168,#2169);
#1704=AXIS2_PLACEMENT_3D('',#2618,#2172,#2173);
#1705=AXIS2_PLACEMENT_3D('',#2619,#2174,#2175);
#1706=AXIS2_PLACEMENT_3D('',#2620,#2176,#2177);
#1707=AXIS2_PLACEMENT_3D('',#2621,#2178,#2179);
#1708=DIRECTION('',(0.,0.,1.));
#1709=DIRECTION('',(1.,0.,0.));
#1710=DIRECTION('',(-1.22464679914735E-16,-1.,3.5165565928679E-29));
#1711=DIRECTION('',(1.,-1.22464679914735E-16,4.30653977547621E-45));
#1712=DIRECTION('',(7.70988211545099E-16,3.50711471041342E-29,1.));
#1713=DIRECTION('',(1.,0.,0.));
#1714=DIRECTION('',(7.70988211545099E-16,3.50711471041342E-29,1.));
#1715=DIRECTION('',(-1.22464679914735E-16,-1.,3.5165565928679E-29));
#1716=DIRECTION('',(1.,-1.22464679914735E-16,-7.70988211545099E-16));
#1717=DIRECTION('',(-1.,1.22464679914735E-16,7.70988211545099E-16));
#1718=DIRECTION('',(-1.22464679914735E-16,-1.,3.5165565928679E-29));
#1719=DIRECTION('',(-1.,1.22464679914735E-16,0.));
#1720=DIRECTION('',(1.,-1.22464679914735E-16,0.));
#1721=DIRECTION('',(-1.22464679914735E-16,-1.,3.5165565928679E-29));
#1722=DIRECTION('',(-1.,1.22464679914735E-16,0.));
#1723=DIRECTION('',(-1.,1.22464679914735E-16,7.70988211545099E-16));
#1724=DIRECTION('',(-1.22464679914735E-16,-1.,3.5165565928679E-29));
#1725=DIRECTION('',(1.,-1.22464679914735E-16,-7.70988211545099E-16));
#1726=DIRECTION('',(-0.939692620785909,-0.342020143325667,7.24491933101867E-16));
#1727=DIRECTION('',(-0.342020143325667,0.939692620785909,0.));
#1728=DIRECTION('',(-0.939692620785909,-0.342020143325667,7.24491933101867E-16));
#1729=DIRECTION('',(0.342020143325667,-0.939692620785909,1.99052522677441E-15));
#1730=DIRECTION('',(0.342020143325667,-0.939692620785909,-2.63693498615022E-16));
#1731=DIRECTION('',(7.70988211545099E-16,3.50711471041342E-29,1.));
#1732=DIRECTION('',(0.342020143325667,-0.939692620785909,0.));
#1733=DIRECTION('',(7.70988211545099E-16,3.50711471041342E-29,1.));
#1734=DIRECTION('',(-7.70988211545099E-16,-3.50711471041342E-29,-1.));
#1735=DIRECTION('',(-1.,0.,7.70988211545099E-16));
#1736=DIRECTION('',(-1.,1.22464679914735E-16,7.70988211545099E-16));
#1737=DIRECTION('',(0.342020143325667,-0.939692620785909,-2.63693498615022E-16));
#1738=DIRECTION('',(1.22464679914735E-16,1.,-3.5165565928679E-29));
#1739=DIRECTION('',(0.,-1.,0.));
#1740=DIRECTION('',(1.,0.,0.));
#1741=DIRECTION('',(0.,-1.,0.));
#1742=DIRECTION('',(-1.,0.,0.));
#1743=DIRECTION('',(1.,0.,0.));
#1744=DIRECTION('',(0.,-1.,0.));
#1745=DIRECTION('',(-1.,0.,0.));
#1746=DIRECTION('',(0.,0.,1.));
#1747=DIRECTION('',(0.,-1.,0.));
#1748=DIRECTION('',(-1.,0.,0.));
#1749=DIRECTION('',(-1.,0.,0.));
#1750=DIRECTION('',(0.,-1.,0.));
#1751=DIRECTION('',(-1.,0.,0.));
#1752=DIRECTION('',(0.,0.,-1.));
#1753=DIRECTION('',(0.,-1.,0.));
#1754=DIRECTION('',(0.,0.,-1.));
#1755=DIRECTION('',(1.,0.,0.));
#1756=DIRECTION('',(0.,-1.,0.));
#1757=DIRECTION('',(-1.,0.,5.80857599175907E-15));
#1758=DIRECTION('',(0.,0.,-1.));
#1759=DIRECTION('',(0.,-1.,0.));
#1760=DIRECTION('',(-2.90428799587954E-15,0.,1.));
#1761=DIRECTION('',(-1.,0.,0.));
#1762=DIRECTION('',(0.,-1.,0.));
#1763=DIRECTION('',(1.,0.,0.));
#1764=DIRECTION('',(0.,0.,1.));
#1765=DIRECTION('',(0.,-0.156434465040233,-0.987688340595137));
#1766=DIRECTION('',(-1.,0.,0.));
#1767=DIRECTION('',(0.,-0.987688340595137,0.156434465040233));
#1768=DIRECTION('',(0.,0.987688340595137,-0.156434465040233));
#1769=DIRECTION('',(1.,0.,0.));
#1770=DIRECTION('',(0.,-1.,0.));
#1771=DIRECTION('',(-1.,0.,0.));
#1772=DIRECTION('',(-0.156434465040233,0.987688340595137,0.));
#1773=DIRECTION('',(0.,-1.,0.));
#1774=DIRECTION('',(-1.,0.,0.));
#1775=DIRECTION('',(0.,-1.,0.));
#1776=DIRECTION('',(-1.,0.,0.));
#1777=DIRECTION('',(0.,-1.,0.));
#1778=DIRECTION('',(-1.,0.,0.));
#1779=DIRECTION('',(-0.156434465040231,-0.987688340595138,0.));
#1780=DIRECTION('',(-0.987688340595137,-0.156434465040233,0.));
#1781=DIRECTION('',(0.,0.,1.));
#1782=DIRECTION('',(-0.156434465040233,0.987688340595137,0.));
#1783=DIRECTION('',(0.,0.,-1.));
#1784=DIRECTION('',(0.987688340595137,-0.156434465040233,0.));
#1785=DIRECTION('',(0.,0.,-1.));
#1786=DIRECTION('',(0.,0.,1.));
#1787=DIRECTION('',(-0.156434465040233,-0.987688340595137,0.));
#1788=DIRECTION('',(0.,-1.,0.));
#1789=DIRECTION('',(-1.,0.,0.));
#1790=DIRECTION('',(0.,0.987688340595138,0.156434465040231));
#1791=DIRECTION('',(0.,-1.,0.));
#1792=DIRECTION('',(-1.,0.,0.));
#1793=DIRECTION('',(0.,-1.,0.));
#1794=DIRECTION('',(-1.,0.,0.));
#1795=DIRECTION('',(0.,-1.,0.));
#1796=DIRECTION('',(-1.,0.,0.));
#1797=DIRECTION('',(0.,-0.987688340595138,-0.156434465040231));
#1798=DIRECTION('',(0.,-0.156434465040233,0.987688340595137));
#1799=DIRECTION('',(1.,0.,0.));
#1800=DIRECTION('',(-1.,0.,0.));
#1801=DIRECTION('',(0.,-1.,0.));
#1802=DIRECTION('',(-1.,0.,0.));
#1803=DIRECTION('',(1.,0.,0.));
#1804=DIRECTION('',(0.,0.,-1.));
#1805=DIRECTION('',(0.,-1.,0.));
#1806=DIRECTION('',(-1.,0.,5.258387384102E-15));
#1807=DIRECTION('',(0.,0.,-1.));
#1808=DIRECTION('',(-1.,0.,0.));
#1809=DIRECTION('',(0.,-1.,0.));
#1810=DIRECTION('',(-1.,0.,0.));
#1811=DIRECTION('',(1.,0.,0.));
#1812=DIRECTION('',(0.,-0.342020143325653,-0.939692620785914));
#1813=DIRECTION('',(0.,-1.,0.));
#1814=DIRECTION('',(-1.,0.,5.28856436704025E-15));
#1815=DIRECTION('',(0.,0.,-1.));
#1816=DIRECTION('',(-0.939692620785914,-0.342020143325653,0.));
#1817=DIRECTION('',(0.,1.,0.));
#1818=DIRECTION('',(1.,0.,0.));
#1819=DIRECTION('',(0.,-0.939692620785908,0.34202014332567));
#1820=DIRECTION('',(0.,-1.,0.));
#1821=DIRECTION('',(-1.,2.24276969875541E-17,5.74149042881385E-15));
#1822=DIRECTION('',(0.34202014332567,-0.939692620785908,0.));
#1823=DIRECTION('',(0.,0.,-1.));
#1824=DIRECTION('',(0.,1.,0.));
#1825=DIRECTION('',(0.,0.,-1.));
#1826=DIRECTION('',(0.,0.,-1.));
#1827=DIRECTION('',(-1.,0.,0.));
#1828=DIRECTION('',(0.,0.,-1.));
#1829=DIRECTION('',(0.,1.,0.));
#1830=DIRECTION('',(0.,0.,-1.));
#1831=DIRECTION('',(0.,0.,-1.));
#1832=DIRECTION('',(-0.939692620785914,-0.342020143325653,0.));
#1833=DIRECTION('',(-0.939692620785908,-0.34202014332567,0.));
#1834=DIRECTION('',(-0.34202014332567,0.939692620785908,0.));
#1835=DIRECTION('',(0.,0.,-1.));
#1836=DIRECTION('',(0.34202014332567,-0.939692620785908,0.));
#1837=DIRECTION('',(0.,-1.,0.));
#1838=DIRECTION('',(-1.,0.,0.));
#1839=DIRECTION('',(0.,-1.,0.));
#1840=DIRECTION('',(-2.629193692051E-15,0.,1.));
#1841=DIRECTION('',(-1.,0.,0.));
#1842=DIRECTION('',(0.,0.,1.));
#1843=DIRECTION('',(0.,-1.,0.));
#1844=DIRECTION('',(-1.,0.,0.));
#1845=DIRECTION('',(0.,-1.,0.));
#1846=DIRECTION('',(-2.64428218352012E-15,0.,1.));
#1847=DIRECTION('',(-1.,0.,0.));
#1848=DIRECTION('',(0.,-0.342020143325653,0.939692620785914));
#1849=DIRECTION('',(0.,1.,0.));
#1850=DIRECTION('',(1.,0.,0.));
#1851=DIRECTION('',(0.,-1.,0.));
#1852=DIRECTION('',(-2.87074521440693E-15,2.24276969875541E-17,1.));
#1853=DIRECTION('',(0.,-0.939692620785908,-0.34202014332567));
#1854=DIRECTION('',(-1.,0.,0.));
#1855=DIRECTION('',(0.,1.,0.));
#1856=DIRECTION('',(-1.,0.,0.));
#1857=DIRECTION('',(-1.,0.,0.));
#1858=DIRECTION('',(0.,0.,1.));
#1859=DIRECTION('',(-1.,0.,0.));
#1860=DIRECTION('',(0.,1.,0.));
#1861=DIRECTION('',(-1.,0.,0.));
#1862=DIRECTION('',(-1.,0.,0.));
#1863=DIRECTION('',(0.,-0.342020143325653,0.939692620785914));
#1864=DIRECTION('',(0.,-0.34202014332567,0.939692620785908));
#1865=DIRECTION('',(0.,-0.939692620785908,-0.34202014332567));
#1866=DIRECTION('',(-1.,0.,0.));
#1867=DIRECTION('',(0.,-0.939692620785908,-0.34202014332567));
#1868=DIRECTION('',(0.,-1.,0.));
#1869=DIRECTION('',(-1.,0.,0.));
#1870=DIRECTION('',(0.,-1.,0.));
#1871=DIRECTION('',(1.,0.,0.));
#1872=DIRECTION('',(0.,0.,1.));
#1873=DIRECTION('',(1.,0.,0.));
#1874=DIRECTION('',(0.,-1.,0.));
#1875=DIRECTION('',(-1.,0.,0.));
#1876=DIRECTION('',(0.,-1.,0.));
#1877=DIRECTION('',(1.,0.,0.));
#1878=DIRECTION('',(0.,0.,1.));
#1879=DIRECTION('',(0.939692620785914,-0.342020143325653,0.));
#1880=DIRECTION('',(0.,1.,0.));
#1881=DIRECTION('',(1.,0.,0.));
#1882=DIRECTION('',(0.,-1.,0.));
#1883=DIRECTION('',(1.,2.2427696987554E-17,0.));
#1884=DIRECTION('',(-0.34202014332567,-0.939692620785908,0.));
#1885=DIRECTION('',(0.,0.,1.));
#1886=DIRECTION('',(0.,-1.,0.));
#1887=DIRECTION('',(0.,0.,1.));
#1888=DIRECTION('',(0.,0.,1.));
#1889=DIRECTION('',(1.,0.,0.));
#1890=DIRECTION('',(0.,0.,1.));
#1891=DIRECTION('',(0.,-1.,0.));
#1892=DIRECTION('',(0.,0.,1.));
#1893=DIRECTION('',(0.,0.,1.));
#1894=DIRECTION('',(0.939692620785914,-0.342020143325653,0.));
#1895=DIRECTION('',(0.939692620785908,-0.34202014332567,0.));
#1896=DIRECTION('',(-0.34202014332567,-0.939692620785908,0.));
#1897=DIRECTION('',(0.,0.,1.));
#1898=DIRECTION('',(-0.34202014332567,-0.939692620785908,0.));
#1899=DIRECTION('',(0.,-1.,0.));
#1900=DIRECTION('',(-1.,0.,0.));
#1901=DIRECTION('',(0.,-1.,0.));
#1902=DIRECTION('',(0.,0.,-1.));
#1903=DIRECTION('',(1.,0.,0.));
#1904=DIRECTION('',(0.,0.,-1.));
#1905=DIRECTION('',(0.,-1.,0.));
#1906=DIRECTION('',(-1.,0.,0.));
#1907=DIRECTION('',(0.,-1.,0.));
#1908=DIRECTION('',(0.,0.,-1.));
#1909=DIRECTION('',(1.,0.,0.));
#1910=DIRECTION('',(0.,-0.342020143325653,-0.939692620785914));
#1911=DIRECTION('',(0.,1.,0.));
#1912=DIRECTION('',(1.,0.,0.));
#1913=DIRECTION('',(0.,-1.,0.));
#1914=DIRECTION('',(0.,2.2427696987554E-17,-1.));
#1915=DIRECTION('',(0.,-0.939692620785908,0.34202014332567));
#1916=DIRECTION('',(1.,0.,0.));
#1917=DIRECTION('',(0.,-1.,0.));
#1918=DIRECTION('',(1.,0.,0.));
#1919=DIRECTION('',(1.,0.,0.));
#1920=DIRECTION('',(0.,-1.,0.));
#1921=DIRECTION('',(1.,0.,0.));
#1922=DIRECTION('',(0.,-0.34202014332567,-0.939692620785908));
#1923=DIRECTION('',(0.,0.939692620785908,-0.34202014332567));
#1924=DIRECTION('',(1.,0.,0.));
#1925=DIRECTION('',(-1.22464679914735E-16,-1.,3.5165565928679E-29));
#1926=DIRECTION('',(1.,-1.22464679914735E-16,4.30653977547621E-45));
#1927=DIRECTION('',(1.,0.,0.));
#1928=DIRECTION('',(-1.,1.22464679914735E-16,0.));
#1929=DIRECTION('',(7.70988211545099E-16,3.50711471041342E-29,1.));
#1930=DIRECTION('',(0.,1.,0.));
#1931=DIRECTION('',(1.,0.,0.));
#1932=DIRECTION('',(0.,1.,0.));
#1933=DIRECTION('',(0.,1.,0.));
#1934=DIRECTION('',(0.,1.,0.));
#1935=DIRECTION('',(1.,0.,0.));
#1936=DIRECTION('',(0.,0.,1.));
#1937=DIRECTION('',(0.,-1.,0.));
#1938=DIRECTION('',(0.,1.,0.));
#1939=DIRECTION('',(1.,0.,0.));
#1940=DIRECTION('',(0.,1.,0.));
#1941=DIRECTION('',(1.,0.,0.));
#1942=DIRECTION('',(0.,1.,0.));
#1943=DIRECTION('',(0.,1.,0.));
#1944=DIRECTION('',(1.,0.,0.));
#1945=DIRECTION('',(-1.,0.,0.));
#1946=DIRECTION('',(0.,1.,0.));
#1947=DIRECTION('',(0.,1.,0.));
#1948=DIRECTION('',(0.,3.5165565928679E-29,1.));
#1949=DIRECTION('',(0.,0.,1.));
#1950=DIRECTION('',(0.,1.,0.));
#1951=DIRECTION('',(1.,0.,0.));
#1952=DIRECTION('',(0.,1.,0.));
#1953=DIRECTION('',(-1.22464679914735E-16,-1.,3.5165565928679E-29));
#1954=DIRECTION('',(-1.,1.22464679914735E-16,0.));
#1955=DIRECTION('',(0.,1.,0.));
#1956=DIRECTION('',(1.,0.,0.));
#1957=DIRECTION('',(0.,0.,-1.));
#1958=DIRECTION('',(0.,1.,0.));
#1959=DIRECTION('',(0.,1.,0.));
#1960=DIRECTION('',(-1.,1.22464679914735E-16,0.));
#1961=DIRECTION('',(-1.,0.,0.));
#1962=DIRECTION('',(0.,1.,0.));
#1963=DIRECTION('',(1.,0.,0.));
#1964=DIRECTION('',(0.,1.,0.));
#1965=DIRECTION('',(-1.22464679914735E-16,-1.,3.5165565928679E-29));
#1966=DIRECTION('',(-1.,1.22464679914735E-16,0.));
#1967=DIRECTION('',(0.,1.,0.));
#1968=DIRECTION('',(1.,0.,0.));
#1969=DIRECTION('',(1.,0.,0.));
#1970=DIRECTION('',(0.,-1.,0.));
#1971=DIRECTION('',(1.22464679914735E-16,1.,-3.5165565928679E-29));
#1972=DIRECTION('',(0.,-3.5165565928679E-29,-1.));
#1973=DIRECTION('',(0.,0.,-1.));
#1974=DIRECTION('',(0.,-1.,0.));
#1975=DIRECTION('',(1.,0.,0.));
#1976=DIRECTION('',(0.,1.,0.));
#1977=DIRECTION('',(1.,0.,0.));
#1978=DIRECTION('',(-1.,0.,0.));
#1979=DIRECTION('',(0.,1.,0.));
#1980=DIRECTION('',(1.,0.,0.));
#1981=DIRECTION('',(0.,0.,-1.));
#1982=DIRECTION('',(0.,1.,0.));
#1983=DIRECTION('',(1.,0.,0.));
#1984=DIRECTION('',(1.,0.,0.));
#1985=DIRECTION('',(0.,1.,0.));
#1986=DIRECTION('',(1.,0.,0.));
#1987=DIRECTION('',(0.,0.,1.));
#1988=DIRECTION('',(0.,-1.,0.));
#1989=DIRECTION('',(-1.,0.,0.));
#1990=DIRECTION('',(0.,0.990268068741571,0.139173100960064));
#1991=DIRECTION('',(0.139173100960068,-0.99026806874157,0.));
#1992=DIRECTION('',(0.99026806874157,0.139173100960068,0.));
#1993=DIRECTION('',(0.,0.,1.));
#1994=DIRECTION('',(0.139173100960059,-0.990268068741571,0.));
#1995=DIRECTION('',(0.,0.139173100960064,-0.99026806874157));
#1996=DIRECTION('',(1.,0.,0.));
#1997=DIRECTION('',(0.,0.99026806874157,0.139173100960064));
#1998=DIRECTION('',(0.,-1.,0.));
#1999=DIRECTION('',(-1.,0.,0.));
#2000=DIRECTION('',(0.,-0.990268068741571,0.139173100960064));
#2001=DIRECTION('',(0.,-1.,0.));
#2002=DIRECTION('',(-1.,0.,0.));
#2003=DIRECTION('',(0.139173100960064,0.990268068741571,0.));
#2004=DIRECTION('',(0.,0.139173100960064,0.99026806874157));
#2005=DIRECTION('',(-1.,0.,0.));
#2006=DIRECTION('',(0.,-0.99026806874157,0.139173100960064));
#2007=DIRECTION('',(-0.99026806874157,0.139173100960064,0.));
#2008=DIRECTION('',(0.,0.,-1.));
#2009=DIRECTION('',(0.139173100960064,0.99026806874157,0.));
#2010=DIRECTION('',(0.,-1.,0.));
#2011=DIRECTION('',(-1.,0.,0.));
#2012=DIRECTION('',(-1.22464679914735E-16,-1.,3.5165565928679E-29));
#2013=DIRECTION('',(-1.,1.22464679914735E-16,0.));
#2014=DIRECTION('',(-1.22464679914735E-16,-1.,3.5165565928679E-29));
#2015=DIRECTION('',(-1.,2.16840370909367E-16,6.93889186909976E-15));
#2016=DIRECTION('',(0.,-1.,0.));
#2017=DIRECTION('',(-1.2246467991477E-16,-1.,-1.224646799147E-16));
#2018=DIRECTION('',(1.,-1.2246467991477E-16,4.30653977547744E-45));
#2019=DIRECTION('',(-1.2246467991477E-16,-1.,0.));
#2020=DIRECTION('',(0.,-3.5165565928679E-29,-1.));
#2021=DIRECTION('',(-1.2246467991477E-16,-1.,-1.224646799147E-16));
#2022=DIRECTION('',(-1.22464679914735E-16,-1.,3.5165565928679E-29));
#2023=DIRECTION('',(-1.,1.22464679914735E-16,0.));
#2024=DIRECTION('',(-1.22464679914735E-16,-1.,3.5165565928679E-29));
#2025=DIRECTION('',(-3.46944593454988E-15,0.,1.));
#2026=DIRECTION('',(-2.4492935982947E-16,-1.,7.03311318573581E-29));
#2027=DIRECTION('',(-8.61307955095241E-45,-7.03311318573581E-29,-1.));
#2028=DIRECTION('',(0.,1.,-7.03311318573581E-29));
#2029=DIRECTION('',(-1.,1.22464679914735E-16,0.));
#2030=DIRECTION('',(-2.4492935982947E-16,-1.,7.03311318573581E-29));
#2031=DIRECTION('',(-1.22464679914735E-16,-1.,3.5165565928679E-29));
#2032=DIRECTION('',(-1.,1.22464679914735E-16,0.));
#2033=DIRECTION('',(-1.22464679914735E-16,-1.,3.5165565928679E-29));
#2034=DIRECTION('',(1.,-2.16840370909366E-16,0.));
#2035=DIRECTION('',(-1.224646799147E-16,-1.,1.2246467991477E-16));
#2036=DIRECTION('',(-1.,1.224646799147E-16,-4.30653977547497E-45));
#2037=DIRECTION('',(1.224646799147E-16,1.,0.));
#2038=DIRECTION('',(0.,3.5165565928679E-29,1.));
#2039=DIRECTION('',(-1.224646799147E-16,-1.,1.2246467991477E-16));
#2040=DIRECTION('',(-1.22464679914735E-16,-1.,3.5165565928679E-29));
#2041=DIRECTION('',(-1.,1.22464679914735E-16,0.));
#2042=DIRECTION('',(-1.22464679914735E-16,-1.,3.5165565928679E-29));
#2043=DIRECTION('',(0.,0.,-1.));
#2044=DIRECTION('',(0.,-1.,0.));
#2045=DIRECTION('',(0.,0.,1.));
#2046=DIRECTION('',(0.,-1.,0.));
#2047=DIRECTION('',(1.,-1.22464679914735E-16,0.));
#2048=DIRECTION('',(0.,1.,0.));
#2049=DIRECTION('',(1.,0.,0.));
#2050=DIRECTION('',(0.,1.,0.));
#2051=DIRECTION('',(1.,0.,0.));
#2052=DIRECTION('',(0.,1.,0.));
#2053=DIRECTION('',(1.,0.,0.));
#2054=DIRECTION('',(0.,1.,0.));
#2055=DIRECTION('',(1.,0.,0.));
#2056=DIRECTION('',(-1.22464679914735E-16,-1.,3.5165565928679E-29));
#2057=DIRECTION('',(-5.74358506511787E-13,3.51730647275924E-29,-1.));
#2058=DIRECTION('',(0.912740808968686,-1.11778511015452E-16,0.408539123760733));
#2059=DIRECTION('',(5.74971533393464E-13,-3.52481388684361E-29,1.));
#2060=DIRECTION('',(-1.,1.22464679914735E-16,5.74193470548322E-13));
#2061=DIRECTION('',(-5.2375768200555E-13,2.89762509510144E-29,-1.));
#2062=DIRECTION('',(-1.22464679914735E-16,-1.,3.5165565928679E-29));
#2063=DIRECTION('',(0.753766054758128,-8.67361737988406E-17,-0.65714285714323));
#2064=DIRECTION('',(-1.22464679914735E-16,-1.,3.5165565928679E-29));
#2065=DIRECTION('',(-0.753766054758048,1.57702134179709E-16,0.657142857143321));
#2066=DIRECTION('',(-1.22464679914735E-16,-1.,3.5165565928679E-29));
#2067=DIRECTION('',(-0.20000000000056,0.,-0.979795897113157));
#2068=DIRECTION('',(-5.23757682006968E-13,2.89762509511879E-29,-1.));
#2069=DIRECTION('',(1.,-1.22464679914735E-16,-5.74193470548323E-13));
#2070=DIRECTION('',(5.71456169590073E-13,-3.48176309654699E-29,1.));
#2071=DIRECTION('',(-0.882185046219337,1.08036509310834E-16,0.470902903183858));
#2072=DIRECTION('',(0.609710760849237,-7.46680331679994E-17,-0.792623989104951));
#2073=DIRECTION('',(0.130028926638402,-1.59239508804634E-17,-0.991510200773177));
#2074=DIRECTION('',(-5.72774151340705E-13,3.49790371786946E-29,-1.));
#2075=DIRECTION('',(0.077704532346736,-9.51606068173216E-18,0.996976431844191));
#2076=DIRECTION('',(0.609710760850147,-7.46680331680552E-17,0.79262398910425));
#2077=DIRECTION('',(-1.22464679914735E-16,-1.,3.5165565928679E-29));
#2078=DIRECTION('',(1.,-1.22464679914735E-16,0.));
#2079=DIRECTION('',(-1.22464679914735E-16,-1.,3.5165565928679E-29));
#2080=DIRECTION('',(-1.,1.22464679914735E-16,0.));
#2081=DIRECTION('',(-1.22464679914735E-16,-1.,3.5165565928679E-29));
#2082=DIRECTION('',(1.,-1.22464679914735E-16,0.));
#2083=DIRECTION('',(-1.22464679914735E-16,-1.,3.5165565928679E-29));
#2084=DIRECTION('',(-1.,1.22464679914735E-16,0.));
#2085=DIRECTION('',(5.74193470548322E-13,-3.51528536511522E-29,1.));
#2086=DIRECTION('',(1.,0.,-5.74193470548322E-13));
#2087=DIRECTION('',(-1.22464679914735E-16,-1.,3.5165565928679E-29));
#2088=DIRECTION('',(-1.22464679914735E-16,-1.,3.5165565928679E-29));
#2089=DIRECTION('',(-1.,1.22464679914735E-16,5.74193470548322E-13));
#2090=DIRECTION('',(-1.,1.22464679914735E-16,5.2375768200555E-13));
#2091=DIRECTION('',(5.2375768200555E-13,0.,1.));
#2092=DIRECTION('',(-1.22464679914735E-16,-1.,3.5165565928679E-29));
#2093=DIRECTION('',(-5.2375768200555E-13,2.89762509510144E-29,-1.));
#2094=DIRECTION('',(-1.22464679914735E-16,-1.,3.5165565928679E-29));
#2095=DIRECTION('',(-1.,1.22464679914735E-16,0.));
#2096=DIRECTION('',(-1.22464679914735E-16,-1.,3.5165565928679E-29));
#2097=DIRECTION('',(-1.22464679914735E-16,-1.,3.5165565928679E-29));
#2098=DIRECTION('',(0.753766054758127,0.,-0.657142857143231));
#2099=DIRECTION('',(-1.22464679914735E-16,-1.,3.5165565928679E-29));
#2100=DIRECTION('',(-1.,1.22464679914735E-16,0.));
#2101=DIRECTION('',(-1.22464679914735E-16,-1.,3.5165565928679E-29));
#2102=DIRECTION('',(-0.753766054758049,0.,0.65714285714332));
#2103=DIRECTION('',(-1.22464679914735E-16,-1.,3.5165565928679E-29));
#2104=DIRECTION('',(-1.22464679914735E-16,-1.,3.5165565928679E-29));
#2105=DIRECTION('',(-1.,1.22464679914735E-16,0.));
#2106=DIRECTION('',(-1.22464679914735E-16,-1.,3.5165565928679E-29));
#2107=DIRECTION('',(-1.22464679914735E-16,-1.,3.5165565928679E-29));
#2108=DIRECTION('',(-0.200000000000561,0.,-0.979795897113157));
#2109=DIRECTION('',(-1.,1.22464679914735E-16,6.9834357600929E-13));
#2110=DIRECTION('',(6.9834357600929E-13,0.,1.));
#2111=DIRECTION('',(-1.22464679914735E-16,-1.,3.5165565928679E-29));
#2112=DIRECTION('',(-6.9834357600929E-13,5.03568565778103E-29,-1.));
#2113=DIRECTION('',(-5.75928194024299E-13,3.53652960063784E-29,-1.));
#2114=DIRECTION('',(-1.,0.,5.75928194024299E-13));
#2115=DIRECTION('',(-1.22464679914735E-16,-1.,3.5165565928679E-29));
#2116=DIRECTION('',(1.,-1.22464679914735E-16,-5.75928194024299E-13));
#2117=DIRECTION('',(1.,-1.22464679914735E-16,-5.71456169590087E-13));
#2118=DIRECTION('',(-5.71456169590087E-13,0.,-1.));
#2119=DIRECTION('',(-1.22464679914735E-16,-1.,3.5165565928679E-29));
#2120=DIRECTION('',(5.71456169590087E-13,-3.48176309654717E-29,1.));
#2121=DIRECTION('',(-0.470902903183858,5.76689733092998E-17,-0.882185046219337));
#2122=DIRECTION('',(-0.882185046219337,0.,0.470902903183858));
#2123=DIRECTION('',(0.882185046219337,-1.08036509310834E-16,-0.470902903183858));
#2124=DIRECTION('',(-1.22464679914735E-16,-1.,3.5165565928679E-29));
#2125=DIRECTION('',(-0.792623989104951,9.7068443118457E-17,-0.609710760849237));
#2126=DIRECTION('',(-0.609710760849237,0.,0.792623989104951));
#2127=DIRECTION('',(-1.22464679914735E-16,-1.,3.5165565928679E-29));
#2128=DIRECTION('',(0.609710760849237,-7.46680331679994E-17,-0.792623989104951));
#2129=DIRECTION('',(-0.991510200773177,1.21424979369877E-16,-0.130028926638402));
#2130=DIRECTION('',(-0.130028926638402,0.,0.991510200773177));
#2131=DIRECTION('',(-1.22464679914735E-16,-1.,3.5165565928679E-29));
#2132=DIRECTION('',(0.130028926638402,-1.59239508804634E-17,-0.991510200773177));
#2133=DIRECTION('',(-1.,1.22464679914735E-16,5.75297385487581E-13));
#2134=DIRECTION('',(5.75297385487581E-13,0.,1.));
#2135=DIRECTION('',(-1.22464679914735E-16,-1.,3.5165565928679E-29));
#2136=DIRECTION('',(-5.75297385487581E-13,3.52880442408416E-29,-1.));
#2137=DIRECTION('',(-0.996976431844191,1.22094399608337E-16,0.077704532346736));
#2138=DIRECTION('',(0.077704532346736,0.,0.996976431844191));
#2139=DIRECTION('',(-0.077704532346736,9.51606068173216E-18,-0.996976431844191));
#2140=DIRECTION('',(-1.22464679914735E-16,-1.,3.5165565928679E-29));
#2141=DIRECTION('',(-0.79262398910425,9.70684431184141E-17,0.609710760850147));
#2142=DIRECTION('',(0.609710760850147,0.,0.79262398910425));
#2143=DIRECTION('',(-0.609710760850147,7.46680331680552E-17,-0.79262398910425));
#2144=DIRECTION('',(-1.22464679914735E-16,-1.,3.5165565928679E-29));
#2145=DIRECTION('',(-0.408539123760733,5.00316130240368E-17,0.912740808968686));
#2146=DIRECTION('',(0.912740808968686,0.,0.408539123760733));
#2147=DIRECTION('',(-0.912740808968686,1.11778511015452E-16,-0.408539123760733));
#2148=DIRECTION('',(-1.22464679914735E-16,-1.,3.5165565928679E-29));
#2149=DIRECTION('',(1.,-1.22464679914735E-16,-5.74971533393464E-13));
#2150=DIRECTION('',(-5.74971533393464E-13,0.,-1.));
#2151=DIRECTION('',(5.74971533393464E-13,-3.52481388684361E-29,1.));
#2152=DIRECTION('',(-1.22464679914735E-16,-1.,3.5165565928679E-29));
#2153=DIRECTION('',(1.,-1.22464679914735E-16,4.30653977547621E-45));
#2154=DIRECTION('',(-7.70988211545099E-16,-3.50711471041342E-29,-1.));
#2155=DIRECTION('',(-1.,0.,7.70988211545099E-16));
#2156=DIRECTION('',(-0.342020143325666,-0.939692620785909,2.63693498615087E-16));
#2157=DIRECTION('',(-1.,1.22464679914735E-16,7.70988211545099E-16));
#2158=DIRECTION('',(-1.22464679914735E-16,-1.,3.5165565928679E-29));
#2159=DIRECTION('',(1.,-1.22464679914735E-16,4.30653977547621E-45));
#2160=DIRECTION('',(-1.22464679914735E-16,-1.,3.5165565928679E-29));
#2161=DIRECTION('',(1.,-1.22464679914735E-16,-7.70988211545099E-16));
#2162=DIRECTION('',(-1.22464679914735E-16,-1.,3.5165565928679E-29));
#2163=DIRECTION('',(1.,-1.22464679914735E-16,-7.70988211545099E-16));
#2164=DIRECTION('',(7.70988211545099E-16,3.50711471041342E-29,1.));
#2165=DIRECTION('',(-1.,1.22464679914735E-16,0.));
#2166=DIRECTION('',(-0.939692620785909,0.342020143325666,7.24491933101843E-16));
#2167=DIRECTION('',(0.342020143325666,0.939692620785909,0.));
#2168=DIRECTION('',(-0.939692620785909,0.342020143325666,7.24491933101843E-16));
#2169=DIRECTION('',(0.342020143325666,0.939692620785909,1.99052522677435E-15));
#2170=DIRECTION('',(-0.342020143325666,-0.939692620785909,0.));
#2171=DIRECTION('',(-0.342020143325666,-0.939692620785909,2.63693498615087E-16));
#2172=DIRECTION('',(0.,0.,-1.));
#2173=DIRECTION('',(0.,1.,0.));
#2174=DIRECTION('',(0.342020143325667,-0.939692620785909,-2.63693498615022E-16));
#2175=DIRECTION('',(-0.939692620785909,-0.342020143325667,0.));
#2176=DIRECTION('',(0.342020143325666,0.939692620785909,-2.63693498615087E-16));
#2177=DIRECTION('',(0.939692620785909,-0.342020143325666,0.));
#2178=DIRECTION('',(1.,0.,0.));
#2179=DIRECTION('',(0.,-1.,0.));
#2180=CARTESIAN_POINT('',(0.,0.,0.));
#2181=CARTESIAN_POINT('',(0.130499999999996,-0.0053376,0.0867499999999965));
#2182=CARTESIAN_POINT('',(0.1205,-0.0053376,-0.24569010159225));
#2183=CARTESIAN_POINT('',(0.1205,-0.0053376,0.0853748076809272));
#2184=CARTESIAN_POINT('',(0.1205,-0.0053376,0.09324999882701));
#2185=CARTESIAN_POINT('',(0.120498,-0.0053376,0.0853748076809272));
#2186=CARTESIAN_POINT('',(0.140499999999997,-0.0053376,0.0853748076809272));
#2187=CARTESIAN_POINT('',(0.140499999999997,-0.0053376,-0.24569010159225));
#2188=CARTESIAN_POINT('',(0.140499999999997,-0.0053376,0.09324999882701));
#2189=CARTESIAN_POINT('',(0.145820888862377,-0.0053376,0.09324999882701));
#2190=CARTESIAN_POINT('',(0.145820888862376,-0.0053376,0.09824999882701));
#2191=CARTESIAN_POINT('',(0.130499999999996,-0.0053376,0.09824999882701));
#2192=CARTESIAN_POINT('',(0.148499999999997,-0.0053376,0.09824999882701));
#2193=CARTESIAN_POINT('',(0.14199999882701,-0.0053376,0.09824999882701));
#2194=CARTESIAN_POINT('',(0.14199999882701,-0.0053376,0.10475));
#2195=CARTESIAN_POINT('',(0.130499999999995,-0.0053376,0.10475));
#2196=CARTESIAN_POINT('',(0.11900000117298,-0.0053376,0.104749999999997));
#2197=CARTESIAN_POINT('',(0.11900000117298,-0.0053376,0.09824999882701));
#2198=CARTESIAN_POINT('',(0.1125,-0.0053376,0.09824999882701));
#2199=CARTESIAN_POINT('',(0.130499999999996,-0.0053376,0.09824999882701));
#2200=CARTESIAN_POINT('',(0.11517911113762,-0.0053376,0.09824999882701));
#2201=CARTESIAN_POINT('',(0.11517911113762,-0.0053376,0.09324999882701));
#2202=CARTESIAN_POINT('',(0.121409925585665,-0.0078376,-0.24569010159225));
#2203=CARTESIAN_POINT('',(0.119808456554894,-0.0034376,0.08375));
#2204=CARTESIAN_POINT('',(0.1205,-0.0053376,0.0821251923190727));
#2205=CARTESIAN_POINT('',(0.121409925585665,-0.0078376,0.09324999882701));
#2206=CARTESIAN_POINT('',(0.122319851171331,-0.0103376,0.09324999882701));
#2207=CARTESIAN_POINT('',(0.122319851171331,-0.0103376,-0.24569010159225));
#2208=CARTESIAN_POINT('',(0.122319851171331,-0.0103376,0.07375));
#2209=CARTESIAN_POINT('',(0.121409925585665,-0.0078376,0.07375));
#2210=CARTESIAN_POINT('',(0.1205,-0.0053376,0.07375));
#2211=CARTESIAN_POINT('',(0.1205,-0.0053376,-0.24569010159225));
#2212=CARTESIAN_POINT('',(0.130499999999996,-0.0103376,0.09824999882701));
#2213=CARTESIAN_POINT('',(0.130499999999996,-0.0103376,0.09824999882701));
#2214=CARTESIAN_POINT('',(0.116998962308951,-0.0103376,0.09824999882701));
#2215=CARTESIAN_POINT('',(0.1125,-0.0103376,0.09824999882701));
#2216=CARTESIAN_POINT('',(0.118578283704691,-0.0146767498728573,0.09824999882701));
#2217=CARTESIAN_POINT('',(0.1125,-0.0103376,0.09824999882701));
#2218=CARTESIAN_POINT('',(0.130499999999996,0.002,0.0867499999999965));
#2219=CARTESIAN_POINT('',(0.11900000117298,0.002,0.07525000117298));
#2220=CARTESIAN_POINT('',(0.115791922201623,0.002,0.07525000117298));
#2221=CARTESIAN_POINT('',(0.11900000117298,0.002,0.0720419222016157));
#2222=CARTESIAN_POINT('',(0.130499999999996,0.002,0.0720419222016227));
#2223=CARTESIAN_POINT('',(0.14199999882701,0.002,0.0720419222016227));
#2224=CARTESIAN_POINT('',(0.14199999882701,0.002,0.07525000117298));
#2225=CARTESIAN_POINT('',(0.145208077798374,0.002,0.07525000117298));
#2226=CARTESIAN_POINT('',(0.145208077798377,0.002,0.0867499999999965));
#2227=CARTESIAN_POINT('',(0.145208077798377,0.002,0.09824999882701));
#2228=CARTESIAN_POINT('',(0.14199999882701,0.002,0.09824999882701));
#2229=CARTESIAN_POINT('',(0.14199999882701,0.002,0.101458077798374));
#2230=CARTESIAN_POINT('',(0.130499999999996,0.002,0.101458077798377));
#2231=CARTESIAN_POINT('',(0.11900000117298,0.002,0.101458077798377));
#2232=CARTESIAN_POINT('',(0.11900000117298,0.002,0.09824999882701));
#2233=CARTESIAN_POINT('',(0.115791922201616,0.002,0.09824999882701));
#2234=CARTESIAN_POINT('',(0.115791922201623,0.002,0.0867499999999965));
#2235=CARTESIAN_POINT('',(0.14199999882701,0.00200000000000098,0.07525000117298));
#2236=CARTESIAN_POINT('',(0.14199999882701,0.00200000000000098,0.0704716225040933));
#2237=CARTESIAN_POINT('',(0.146778377495897,0.00200000000000098,0.07525000117298));
#2238=CARTESIAN_POINT('',(0.11900000117298,0.00200000000000098,0.0704716225041003));
#2239=CARTESIAN_POINT('',(0.11900000117298,0.00200000000000098,0.0704716225040933));
#2240=CARTESIAN_POINT('',(0.11900000117298,0.00200000000000098,0.07525000117298));
#2241=CARTESIAN_POINT('',(0.1142216225041,0.00200000000000098,0.07525000117298));
#2242=CARTESIAN_POINT('',(0.1142216225041,0.00200000000000098,0.09824999882701));
#2243=CARTESIAN_POINT('',(0.114221622504093,0.00200000000000098,0.09824999882701));
#2244=CARTESIAN_POINT('',(0.11900000117298,0.00200000000000098,0.09824999882701));
#2245=CARTESIAN_POINT('',(0.11900000117298,0.00200000000000098,0.1030283774959));
#2246=CARTESIAN_POINT('',(0.14199999882701,0.00200000000000098,0.1030283774959));
#2247=CARTESIAN_POINT('',(0.14199999882701,0.00200000000000098,0.103028377495897));
#2248=CARTESIAN_POINT('',(0.14199999882701,0.00200000000000098,0.09824999882701));
#2249=CARTESIAN_POINT('',(0.1467783774959,0.00200000000000098,0.09824999882701));
#2250=CARTESIAN_POINT('',(0.1467783774959,0.00200000000000098,0.07525000117298));
#2251=CARTESIAN_POINT('',(0.130499999999996,-0.003,0.10225));
#2252=CARTESIAN_POINT('',(0.11900000117298,0.00331375151467497,0.10125));
#2253=CARTESIAN_POINT('',(0.11900000117298,-0.003,0.10225));
#2254=CARTESIAN_POINT('',(0.14199999882701,-0.003,0.10225));
#2255=CARTESIAN_POINT('',(0.14199999882701,-0.003,0.102249999999997));
#2256=CARTESIAN_POINT('',(0.14199999882701,-0.003,0.10225));
#2257=CARTESIAN_POINT('',(0.14199999882701,0.00331375151467496,0.09824999882701));
#2258=CARTESIAN_POINT('',(0.145999999999997,-0.003,0.09824999882701));
#2259=CARTESIAN_POINT('',(0.146,-0.003,0.09824999882701));
#2260=CARTESIAN_POINT('',(0.14199999882701,-0.003,0.09824999882701));
#2261=CARTESIAN_POINT('',(0.11900000117298,0.00331375151467496,0.09824999882701));
#2262=CARTESIAN_POINT('',(0.11900000117298,-0.003,0.09824999882701));
#2263=CARTESIAN_POINT('',(0.114999999999993,-0.003,0.09824999882701));
#2264=CARTESIAN_POINT('',(0.115999999999993,0.00331375151467496,0.09824999882701));
#2265=CARTESIAN_POINT('',(0.146,-0.003,0.0867499999999965));
#2266=CARTESIAN_POINT('',(0.146,-0.003,0.07525000117298));
#2267=CARTESIAN_POINT('',(0.145999999999997,-0.003,0.07525000117298));
#2268=CARTESIAN_POINT('',(0.146,-0.003,0.07525000117298));
#2269=CARTESIAN_POINT('',(0.115,-0.003,0.0867499999999965));
#2270=CARTESIAN_POINT('',(0.115,-0.003,0.09824999882701));
#2271=CARTESIAN_POINT('',(0.115,-0.003,0.07525000117298));
#2272=CARTESIAN_POINT('',(0.116,0.00331375151467497,0.07525000117298));
#2273=CARTESIAN_POINT('',(0.14199999882701,0.00331375151467496,0.07525000117298));
#2274=CARTESIAN_POINT('',(0.14199999882701,-0.003,0.071249999999993));
#2275=CARTESIAN_POINT('',(0.14199999882701,-0.003,0.071249999999993));
#2276=CARTESIAN_POINT('',(0.14199999882701,-0.003,0.07525000117298));
#2277=CARTESIAN_POINT('',(0.11900000117298,0.00331375151467496,0.07525000117298));
#2278=CARTESIAN_POINT('',(0.11900000117298,-0.003,0.07525000117298));
#2279=CARTESIAN_POINT('',(0.11900000117298,-0.003,0.071249999999993));
#2280=CARTESIAN_POINT('',(0.11900000117298,0.00331375151467496,0.072249999999993));
#2281=CARTESIAN_POINT('',(0.130499999999996,-0.003,0.07125));
#2282=CARTESIAN_POINT('',(0.11900000117298,-0.003,0.07125));
#2283=CARTESIAN_POINT('',(0.11900000117298,0.00150000000000096,0.07525000117298));
#2284=CARTESIAN_POINT('',(0.11900000117298,0.00150000000000096,0.0704716225040933));
#2285=CARTESIAN_POINT('',(0.11900000117298,0.00149408174512,0.0699716575310596));
#2286=CARTESIAN_POINT('',(0.11900000117298,0.00149408174512,0.07525000117298));
#2287=CARTESIAN_POINT('',(0.113721657531067,0.00149408174512,0.07525000117298));
#2288=CARTESIAN_POINT('',(0.1142216225041,0.00150000000000096,0.07525000117298));
#2289=CARTESIAN_POINT('',(0.11900000117298,0.00148816349035519,0.07525000117298));
#2290=CARTESIAN_POINT('',(0.11900000117298,0.00148816349035519,0.0704716225040933));
#2291=CARTESIAN_POINT('',(0.11900000117298,0.00131715341869236,0.0700017761937003));
#2292=CARTESIAN_POINT('',(0.11900000117298,0.00131715341869236,0.07525000117298));
#2293=CARTESIAN_POINT('',(0.113751776193707,0.00131715341869236,0.07525000117298));
#2294=CARTESIAN_POINT('',(0.1142216225041,0.00148816349035519,0.07525000117298));
#2295=CARTESIAN_POINT('',(0.11900000117298,0.000179659085689111,0.07525000117298));
#2296=CARTESIAN_POINT('',(0.11900000117298,0.000748406252190734,0.0702087832331302));
#2297=CARTESIAN_POINT('',(0.11900000117298,0.000179659085689108,0.07041579027256));
#2298=CARTESIAN_POINT('',(0.11900000117298,0.000179659085689108,0.07525000117298));
#2299=CARTESIAN_POINT('',(0.114165790272567,0.000179659085689108,0.07525000117298));
#2300=CARTESIAN_POINT('',(0.113958783233137,0.000748406252190734,0.07525000117298));
#2301=CARTESIAN_POINT('',(0.1142216225041,0.00150000000000096,0.09824999882701));
#2302=CARTESIAN_POINT('',(0.113721657531067,0.00149408174512,0.09824999882701));
#2303=CARTESIAN_POINT('',(0.11372165753106,0.00149408174512,0.09824999882701));
#2304=CARTESIAN_POINT('',(0.114221622504093,0.00150000000000096,0.09824999882701));
#2305=CARTESIAN_POINT('',(0.1142216225041,0.00148816349035519,0.09824999882701));
#2306=CARTESIAN_POINT('',(0.113751776193707,0.00131715341869236,0.09824999882701));
#2307=CARTESIAN_POINT('',(0.1137517761937,0.00131715341869236,0.09824999882701));
#2308=CARTESIAN_POINT('',(0.114221622504093,0.00148816349035519,0.09824999882701));
#2309=CARTESIAN_POINT('',(0.113958783233137,0.000748406252190734,0.09824999882701));
#2310=CARTESIAN_POINT('',(0.114165790272567,0.000179659085689108,0.09824999882701));
#2311=CARTESIAN_POINT('',(0.11416579027256,0.000179659085689108,0.09824999882701));
#2312=CARTESIAN_POINT('',(0.11395878323313,0.000748406252190734,0.09824999882701));
#2313=CARTESIAN_POINT('',(0.11900000117298,0.00150000000000096,0.09824999882701));
#2314=CARTESIAN_POINT('',(0.11900000117298,0.00149408174512,0.09824999882701));
#2315=CARTESIAN_POINT('',(0.11900000117298,0.00149408174512,0.103528342468933));
#2316=CARTESIAN_POINT('',(0.11900000117298,0.00150000000000096,0.1030283774959));
#2317=CARTESIAN_POINT('',(0.11900000117298,0.00148816349035519,0.09824999882701));
#2318=CARTESIAN_POINT('',(0.11900000117298,0.00131715341869236,0.09824999882701));
#2319=CARTESIAN_POINT('',(0.11900000117298,0.00131715341869236,0.103498223806293));
#2320=CARTESIAN_POINT('',(0.11900000117298,0.00148816349035519,0.1030283774959));
#2321=CARTESIAN_POINT('',(0.11900000117298,0.000179659085689111,0.09824999882701));
#2322=CARTESIAN_POINT('',(0.11900000117298,0.000179659085689108,0.09824999882701));
#2323=CARTESIAN_POINT('',(0.11900000117298,0.000179659085689108,0.103084209727433));
#2324=CARTESIAN_POINT('',(0.11900000117298,0.000748406252190734,0.103291216766863));
#2325=CARTESIAN_POINT('',(0.14199999882701,0.00150000000000096,0.1030283774959));
#2326=CARTESIAN_POINT('',(0.14199999882701,0.00149408174512,0.103528342468933));
#2327=CARTESIAN_POINT('',(0.14199999882701,0.00149408174512,0.10352834246893));
#2328=CARTESIAN_POINT('',(0.14199999882701,0.00150000000000096,0.103028377495897));
#2329=CARTESIAN_POINT('',(0.14199999882701,0.00148816349035519,0.1030283774959));
#2330=CARTESIAN_POINT('',(0.14199999882701,0.00131715341869236,0.103498223806293));
#2331=CARTESIAN_POINT('',(0.14199999882701,0.00131715341869236,0.10349822380629));
#2332=CARTESIAN_POINT('',(0.14199999882701,0.00148816349035519,0.103028377495897));
#2333=CARTESIAN_POINT('',(0.14199999882701,0.000748406252190734,0.103291216766863));
#2334=CARTESIAN_POINT('',(0.14199999882701,0.000179659085689108,0.103084209727433));
#2335=CARTESIAN_POINT('',(0.14199999882701,0.000179659085689108,0.10308420972743));
#2336=CARTESIAN_POINT('',(0.14199999882701,0.000748406252190734,0.10329121676686));
#2337=CARTESIAN_POINT('',(0.14199999882701,0.00150000000000096,0.09824999882701));
#2338=CARTESIAN_POINT('',(0.14199999882701,0.00149408174512,0.09824999882701));
#2339=CARTESIAN_POINT('',(0.147278342468933,0.00149408174512,0.09824999882701));
#2340=CARTESIAN_POINT('',(0.1467783774959,0.00150000000000096,0.09824999882701));
#2341=CARTESIAN_POINT('',(0.14199999882701,0.00148816349035519,0.09824999882701));
#2342=CARTESIAN_POINT('',(0.14199999882701,0.00131715341869236,0.09824999882701));
#2343=CARTESIAN_POINT('',(0.147248223806293,0.00131715341869236,0.09824999882701));
#2344=CARTESIAN_POINT('',(0.1467783774959,0.00148816349035519,0.09824999882701));
#2345=CARTESIAN_POINT('',(0.14199999882701,0.000179659085689111,0.09824999882701));
#2346=CARTESIAN_POINT('',(0.14199999882701,0.000179659085689108,0.09824999882701));
#2347=CARTESIAN_POINT('',(0.146834209727433,0.000179659085689108,0.09824999882701));
#2348=CARTESIAN_POINT('',(0.147041216766863,0.000748406252190734,0.09824999882701));
#2349=CARTESIAN_POINT('',(0.1467783774959,0.00150000000000096,0.07525000117298));
#2350=CARTESIAN_POINT('',(0.147278342468933,0.00149408174512,0.07525000117298));
#2351=CARTESIAN_POINT('',(0.14727834246893,0.00149408174512,0.07525000117298));
#2352=CARTESIAN_POINT('',(0.146778377495897,0.00150000000000096,0.07525000117298));
#2353=CARTESIAN_POINT('',(0.1467783774959,0.00148816349035519,0.07525000117298));
#2354=CARTESIAN_POINT('',(0.147248223806293,0.00131715341869236,0.07525000117298));
#2355=CARTESIAN_POINT('',(0.14724822380629,0.00131715341869236,0.07525000117298));
#2356=CARTESIAN_POINT('',(0.146778377495897,0.00148816349035519,0.07525000117298));
#2357=CARTESIAN_POINT('',(0.147041216766863,0.000748406252190734,0.07525000117298));
#2358=CARTESIAN_POINT('',(0.146834209727433,0.000179659085689108,0.07525000117298));
#2359=CARTESIAN_POINT('',(0.146834209727433,0.000179659085689107,0.07525000117298));
#2360=CARTESIAN_POINT('',(0.14704121676686,0.000748406252190734,0.07525000117298));
#2361=CARTESIAN_POINT('',(0.14199999882701,0.00150000000000096,0.07525000117298));
#2362=CARTESIAN_POINT('',(0.14199999882701,0.00149408174512,0.07525000117298));
#2363=CARTESIAN_POINT('',(0.14199999882701,0.00149408174512,0.0699716575310597));
#2364=CARTESIAN_POINT('',(0.14199999882701,0.00150000000000096,0.0704716225040933));
#2365=CARTESIAN_POINT('',(0.14199999882701,0.00148816349035519,0.07525000117298));
#2366=CARTESIAN_POINT('',(0.14199999882701,0.00131715341869236,0.07525000117298));
#2367=CARTESIAN_POINT('',(0.14199999882701,0.00131715341869236,0.0700017761937003));
#2368=CARTESIAN_POINT('',(0.14199999882701,0.00148816349035519,0.0704716225040933));
#2369=CARTESIAN_POINT('',(0.14199999882701,0.000179659085689111,0.07525000117298));
#2370=CARTESIAN_POINT('',(0.14199999882701,0.000179659085689108,0.07525000117298));
#2371=CARTESIAN_POINT('',(0.14199999882701,0.000179659085689108,0.07041579027256));
#2372=CARTESIAN_POINT('',(0.14199999882701,0.000748406252190734,0.0702087832331302));
#2373=CARTESIAN_POINT('',(0.11900000117298,0.00150000000000096,0.0704716225041003));
#2374=CARTESIAN_POINT('',(0.11900000117298,0.00149408174512,0.0699716575310666));
#2375=CARTESIAN_POINT('',(0.11900000117298,0.00148816349035519,0.0704716225041003));
#2376=CARTESIAN_POINT('',(0.11900000117298,0.00131715341869236,0.0700017761937073));
#2377=CARTESIAN_POINT('',(0.11900000117298,0.000748406252190734,0.0702087832331372));
#2378=CARTESIAN_POINT('',(0.11900000117298,0.000179659085689108,0.070415790272567));
#2379=CARTESIAN_POINT('',(0.130499999999996,-0.0053376,0.0867499999999965));
#2380=CARTESIAN_POINT('',(0.120498,-0.0053376,0.0821251923190728));
#2381=CARTESIAN_POINT('',(0.140499999999997,-0.0053376,0.0821251923190728));
#2382=CARTESIAN_POINT('',(0.130499999999996,-0.0053376,0.07375));
#2383=CARTESIAN_POINT('',(0.140499999999997,-0.0053376,0.07375));
#2384=CARTESIAN_POINT('',(0.140499999999997,-0.0053376,-0.24569010159225));
#2385=CARTESIAN_POINT('',(0.14199999882701,-0.325180067352544,0.09824999882701));
#2386=CARTESIAN_POINT('',(0.14199999882701,-0.325180067352544,0.10475));
#2387=CARTESIAN_POINT('',(0.14199999882701,-0.001,0.10475));
#2388=CARTESIAN_POINT('',(0.148499999999997,-0.325180067352544,0.09824999882701));
#2389=CARTESIAN_POINT('',(0.148499999999997,-0.001,0.09824999882701));
#2390=CARTESIAN_POINT('',(0.14199999882701,-0.001,0.09824999882701));
#2391=CARTESIAN_POINT('',(0.130499999999995,-0.325180067352544,0.10475));
#2392=CARTESIAN_POINT('',(0.11900000117298,-0.325180067352544,0.104749999999997));
#2393=CARTESIAN_POINT('',(0.11900000117298,-0.001,0.104749999999997));
#2394=CARTESIAN_POINT('',(0.130499999999995,-0.001,0.10475));
#2395=CARTESIAN_POINT('',(0.11900000117298,-0.325180067352544,0.09824999882701));
#2396=CARTESIAN_POINT('',(0.1125,-0.325180067352544,0.09824999882701));
#2397=CARTESIAN_POINT('',(0.1125,-0.001,0.09824999882701));
#2398=CARTESIAN_POINT('',(0.11900000117298,-0.001,0.09824999882701));
#2399=CARTESIAN_POINT('',(0.1125,-0.325180067352544,0.086749999999995));
#2400=CARTESIAN_POINT('',(0.112499999999993,-0.325180067352544,0.07525000117298));
#2401=CARTESIAN_POINT('',(0.112499999999993,-0.0103376,0.07525000117298));
#2402=CARTESIAN_POINT('',(0.112499999999993,-0.001,0.07525000117298));
#2403=CARTESIAN_POINT('',(0.1125,-0.0103376,0.086749999999995));
#2404=CARTESIAN_POINT('',(0.1125,-0.001,0.086749999999995));
#2405=CARTESIAN_POINT('',(0.11900000117298,-0.325180067352544,0.07525000117298));
#2406=CARTESIAN_POINT('',(0.11900000117298,-0.325180067352544,0.06875));
#2407=CARTESIAN_POINT('',(0.11900000117298,-0.0103376,0.06875));
#2408=CARTESIAN_POINT('',(0.11900000117298,-0.001,0.06875));
#2409=CARTESIAN_POINT('',(0.11900000117298,-0.0103376,0.07525000117298));
#2410=CARTESIAN_POINT('',(0.11900000117298,-0.001,0.07525000117298));
#2411=CARTESIAN_POINT('',(0.130499999999995,-0.325180067352544,0.06875));
#2412=CARTESIAN_POINT('',(0.14199999882701,-0.325180067352544,0.06875));
#2413=CARTESIAN_POINT('',(0.14199999882701,-0.0103376,0.06875));
#2414=CARTESIAN_POINT('',(0.14199999882701,-0.001,0.06875));
#2415=CARTESIAN_POINT('',(0.130499999999995,-0.0103376,0.06875));
#2416=CARTESIAN_POINT('',(0.130499999999995,-0.001,0.06875));
#2417=CARTESIAN_POINT('',(0.14199999882701,-0.325180067352544,0.07525000117298));
#2418=CARTESIAN_POINT('',(0.1485,-0.325180067352544,0.07525000117298));
#2419=CARTESIAN_POINT('',(0.1485,-0.0103376,0.07525000117298));
#2420=CARTESIAN_POINT('',(0.1485,-0.001,0.07525000117298));
#2421=CARTESIAN_POINT('',(0.14199999882701,-0.0103376,0.07525000117298));
#2422=CARTESIAN_POINT('',(0.14199999882701,-0.001,0.07525000117298));
#2423=CARTESIAN_POINT('',(0.1485,-0.325180067352544,0.086749999999995));
#2424=CARTESIAN_POINT('',(0.148499999999997,-0.0103376,0.09824999882701));
#2425=CARTESIAN_POINT('',(0.148499999999997,-0.0103376,0.09824999882701));
#2426=CARTESIAN_POINT('',(0.1485,-0.0103376,0.086749999999995));
#2427=CARTESIAN_POINT('',(0.1485,-0.001,0.086749999999995));
#2428=CARTESIAN_POINT('',(0.130499999999996,-0.001,0.0867499999999965));
#2429=CARTESIAN_POINT('',(0.11900000117298,-0.001,0.07525000117298));
#2430=CARTESIAN_POINT('',(0.114,-0.001,0.07525000117298));
#2431=CARTESIAN_POINT('',(0.11900000117298,-0.001,0.070249999999993));
#2432=CARTESIAN_POINT('',(0.130499999999995,-0.001,0.07025));
#2433=CARTESIAN_POINT('',(0.14199999882701,-0.001,0.070249999999993));
#2434=CARTESIAN_POINT('',(0.14199999882701,-0.001,0.07525000117298));
#2435=CARTESIAN_POINT('',(0.146999999999997,-0.001,0.07525000117298));
#2436=CARTESIAN_POINT('',(0.147,-0.001,0.086749999999995));
#2437=CARTESIAN_POINT('',(0.147,-0.001,0.09824999882701));
#2438=CARTESIAN_POINT('',(0.14199999882701,-0.001,0.09824999882701));
#2439=CARTESIAN_POINT('',(0.14199999882701,-0.001,0.103249999999997));
#2440=CARTESIAN_POINT('',(0.130499999999995,-0.001,0.10325));
#2441=CARTESIAN_POINT('',(0.11900000117298,-0.001,0.10325));
#2442=CARTESIAN_POINT('',(0.11900000117298,-0.001,0.09824999882701));
#2443=CARTESIAN_POINT('',(0.113999999999993,-0.001,0.09824999882701));
#2444=CARTESIAN_POINT('',(0.114,-0.001,0.086749999999995));
#2445=CARTESIAN_POINT('',(0.14199999882701,-0.001,0.07525000117298));
#2446=CARTESIAN_POINT('',(0.14199999882701,-0.001,0.07025));
#2447=CARTESIAN_POINT('',(0.146578377495893,0.002,0.07525000117298));
#2448=CARTESIAN_POINT('',(0.146578377495893,0.002,0.0867499999999965));
#2449=CARTESIAN_POINT('',(0.14657837749589,0.002,0.09824999882701));
#2450=CARTESIAN_POINT('',(0.130499999999996,0.002,0.0706716225041072));
#2451=CARTESIAN_POINT('',(0.11900000117298,-0.001,0.070249999999993));
#2452=CARTESIAN_POINT('',(0.14199999882701,-0.001,0.09824999882701));
#2453=CARTESIAN_POINT('',(0.14199999882701,0.002,0.102828377495893));
#2454=CARTESIAN_POINT('',(0.11900000117298,-0.001,0.07525000117298));
#2455=CARTESIAN_POINT('',(0.114,-0.001,0.07525000117298));
#2456=CARTESIAN_POINT('',(0.130499999999996,0.002,0.102828377495893));
#2457=CARTESIAN_POINT('',(0.11900000117298,0.002,0.10282837749589));
#2458=CARTESIAN_POINT('',(0.114421622504107,0.002,0.0867499999999965));
#2459=CARTESIAN_POINT('',(0.113999999999993,-0.001,0.09824999882701));
#2460=CARTESIAN_POINT('',(0.11900000117298,-0.001,0.09824999882701));
#2461=CARTESIAN_POINT('',(0.11900000117298,-0.0043376,0.07525000117298));
#2462=CARTESIAN_POINT('',(0.11900000117298,-0.0043376,0.07525000117298));
#2463=CARTESIAN_POINT('',(0.115,-0.0043376,0.07525000117298));
#2464=CARTESIAN_POINT('',(0.11900000117298,-0.0043376,0.07125));
#2465=CARTESIAN_POINT('',(0.11900000117298,-0.0036688,0.071249999999993));
#2466=CARTESIAN_POINT('',(0.115,-0.0036688,0.07525000117298));
#2467=CARTESIAN_POINT('',(0.115,-0.0036688,0.09824999882701));
#2468=CARTESIAN_POINT('',(0.115,-0.0043376,0.09824999882701));
#2469=CARTESIAN_POINT('',(0.114999999999993,-0.0043376,0.09824999882701));
#2470=CARTESIAN_POINT('',(0.114999999999993,-0.0036688,0.09824999882701));
#2471=CARTESIAN_POINT('',(0.11900000117298,-0.0043376,0.09824999882701));
#2472=CARTESIAN_POINT('',(0.11900000117298,-0.0043376,0.09824999882701));
#2473=CARTESIAN_POINT('',(0.11900000117298,-0.0043376,0.10225));
#2474=CARTESIAN_POINT('',(0.11900000117298,-0.0036688,0.10225));
#2475=CARTESIAN_POINT('',(0.14199999882701,-0.0036688,0.10225));
#2476=CARTESIAN_POINT('',(0.14199999882701,-0.0043376,0.10225));
#2477=CARTESIAN_POINT('',(0.14199999882701,-0.0043376,0.102249999999997));
#2478=CARTESIAN_POINT('',(0.14199999882701,-0.0036688,0.102249999999997));
#2479=CARTESIAN_POINT('',(0.14199999882701,-0.0043376,0.09824999882701));
#2480=CARTESIAN_POINT('',(0.14199999882701,-0.0043376,0.09824999882701));
#2481=CARTESIAN_POINT('',(0.146,-0.0043376,0.09824999882701));
#2482=CARTESIAN_POINT('',(0.146,-0.0036688,0.09824999882701));
#2483=CARTESIAN_POINT('',(0.146,-0.0036688,0.07525000117298));
#2484=CARTESIAN_POINT('',(0.146,-0.0043376,0.07525000117298));
#2485=CARTESIAN_POINT('',(0.145999999999997,-0.0043376,0.07525000117298));
#2486=CARTESIAN_POINT('',(0.145999999999997,-0.0036688,0.07525000117298));
#2487=CARTESIAN_POINT('',(0.14199999882701,-0.0043376,0.07525000117298));
#2488=CARTESIAN_POINT('',(0.14199999882701,-0.0043376,0.07525000117298));
#2489=CARTESIAN_POINT('',(0.14199999882701,-0.0043376,0.071249999999993));
#2490=CARTESIAN_POINT('',(0.14199999882701,-0.0036688,0.071249999999993));
#2491=CARTESIAN_POINT('',(0.11900000117298,-0.0036688,0.07125));
#2492=CARTESIAN_POINT('',(0.11900000117298,-0.0043376,0.07125));
#2493=CARTESIAN_POINT('',(1.22464679914735E-19,0.0025162,-3.51655659286791E-32));
#2494=CARTESIAN_POINT('',(0.141986,0.0025162,0.098298));
#2495=CARTESIAN_POINT('',(0.14287680756235,0.0025162,0.098298));
#2496=CARTESIAN_POINT('',(1.22464679914735E-19,0.0025162,-3.51655659286791E-32));
#2497=CARTESIAN_POINT('',(0.119126,0.0025162,0.075184));
#2498=CARTESIAN_POINT('',(0.12001680756235,0.0025162,0.075184));
#2499=CARTESIAN_POINT('',(0.132039999999997,-0.0038376,0.080009999999999));
#2500=CARTESIAN_POINT('',(0.122032618312365,-0.0038376,0.0985818295601326));
#2501=CARTESIAN_POINT('',(0.121025236624722,-0.0038376,0.0981309295588197));
#2502=CARTESIAN_POINT('',(0.123040000000008,-0.0038376,0.0990327295614455));
#2503=CARTESIAN_POINT('',(0.123040000000008,-0.0038376,0.0987913647807248));
#2504=CARTESIAN_POINT('',(0.123040000000008,-0.0038376,0.0985500000000041));
#2505=CARTESIAN_POINT('',(0.127040000000008,-0.0038376,0.0985500000000018));
#2506=CARTESIAN_POINT('',(0.131040000000008,-0.0038376,0.09855));
#2507=CARTESIAN_POINT('',(0.131040000000008,-0.0038376,0.0986294897427829));
#2508=CARTESIAN_POINT('',(0.131040000000008,-0.0038376,0.0987089794855663));
#2509=CARTESIAN_POINT('',(0.132040000000005,-0.0038376,0.0938099999999989));
#2510=CARTESIAN_POINT('',(0.135808830273795,-0.0038376,0.0905242857142828));
#2511=CARTESIAN_POINT('',(0.139954543574965,-0.0038376,0.0869099999999944));
#2512=CARTESIAN_POINT('',(0.135808830273791,-0.0038376,0.0832957142857109));
#2513=CARTESIAN_POINT('',(0.132039999999997,-0.0038376,0.080009999999999));
#2514=CARTESIAN_POINT('',(0.131039999999994,-0.0038376,0.0751110205144332));
#2515=CARTESIAN_POINT('',(0.131039999999994,-0.0038376,0.0751905102572163));
#2516=CARTESIAN_POINT('',(0.131039999999994,-0.0038376,0.07527));
#2517=CARTESIAN_POINT('',(0.127039999999994,-0.0038376,0.0752700000000018));
#2518=CARTESIAN_POINT('',(0.123039999999994,-0.0038376,0.0752700000000041));
#2519=CARTESIAN_POINT('',(0.123039999999994,-0.0038376,0.074990723008552));
#2520=CARTESIAN_POINT('',(0.123039999999994,-0.0038376,0.0747114460170999));
#2521=CARTESIAN_POINT('',(0.121968771984205,-0.0038376,0.0752832584557359));
#2522=CARTESIAN_POINT('',(0.120897543968416,-0.0038376,0.075855070894372));
#2523=CARTESIAN_POINT('',(0.118481423452791,-0.0038376,0.078996027564688));
#2524=CARTESIAN_POINT('',(0.116065302937166,-0.0038376,0.082136984235004));
#2525=CARTESIAN_POINT('',(0.115932651468583,-0.0038376,0.0831484921175061));
#2526=CARTESIAN_POINT('',(0.1158,-0.0038376,0.0841600000000083));
#2527=CARTESIAN_POINT('',(0.1158,-0.0038376,0.0869100000000083));
#2528=CARTESIAN_POINT('',(0.115800000000002,-0.0038376,0.0896600000000083));
#2529=CARTESIAN_POINT('',(0.11587276976792,-0.0038376,0.090593661671643));
#2530=CARTESIAN_POINT('',(0.115945539535837,-0.0038376,0.0915273233432778));
#2531=CARTESIAN_POINT('',(0.11848538808028,-0.0038376,0.0948291264510488));
#2532=CARTESIAN_POINT('',(0.141986,-0.0043376,0.098298));
#2533=CARTESIAN_POINT('',(0.141986,-0.0043376,0.098298));
#2534=CARTESIAN_POINT('',(0.140736,-0.0043376,0.098298));
#2535=CARTESIAN_POINT('',(0.119126,-0.0043376,0.075184));
#2536=CARTESIAN_POINT('',(0.119126,-0.0043376,0.075184));
#2537=CARTESIAN_POINT('',(0.117876,-0.0043376,0.075184));
#2538=CARTESIAN_POINT('',(0.127040000000008,0.000864400000000011,0.0985500000000018));
#2539=CARTESIAN_POINT('',(0.131040000000008,0.000864400000000011,0.09855));
#2540=CARTESIAN_POINT('',(0.131040000000008,-0.0043376,0.09855));
#2541=CARTESIAN_POINT('',(0.123040000000008,0.000864400000000012,0.0985500000000041));
#2542=CARTESIAN_POINT('',(0.123040000000008,-0.0043376,0.0985500000000041));
#2543=CARTESIAN_POINT('',(0.127040000000008,-0.0043376,0.0985500000000018));
#2544=CARTESIAN_POINT('',(0.131040000000008,0.000864400000000011,0.0986294897427829));
#2545=CARTESIAN_POINT('',(0.131040000000008,0.000864400000000011,0.0987089794855663));
#2546=CARTESIAN_POINT('',(0.131040000000008,-0.0043376,0.0987089794855663));
#2547=CARTESIAN_POINT('',(0.131040000000008,-0.0043376,0.0986294897427829));
#2548=CARTESIAN_POINT('',(0.132040000000005,0.000864400000000011,0.0938099999999989));
#2549=CARTESIAN_POINT('',(0.135808830273795,0.00086440000000001,0.0905242857142828));
#2550=CARTESIAN_POINT('',(0.135808830273795,-0.0043376,0.0905242857142828));
#2551=CARTESIAN_POINT('',(0.132040000000005,-0.0043376,0.0938099999999989));
#2552=CARTESIAN_POINT('',(0.139954543574965,0.00086440000000001,0.0869099999999944));
#2553=CARTESIAN_POINT('',(0.139954543574965,-0.0043376,0.0869099999999944));
#2554=CARTESIAN_POINT('',(0.135808830273791,-0.0043376,0.0832957142857109));
#2555=CARTESIAN_POINT('',(0.135808830273791,0.00086440000000001,0.0832957142857109));
#2556=CARTESIAN_POINT('',(0.132039999999997,0.000864400000000011,0.080009999999999));
#2557=CARTESIAN_POINT('',(0.131039999999994,0.000864400000000011,0.0751110205144332));
#2558=CARTESIAN_POINT('',(0.131039999999994,-0.0043376,0.0751110205144332));
#2559=CARTESIAN_POINT('',(0.132039999999997,-0.0043376,0.080009999999999));
#2560=CARTESIAN_POINT('',(0.131039999999994,0.000864400000000011,0.0751905102572163));
#2561=CARTESIAN_POINT('',(0.131039999999994,0.000864400000000011,0.07527));
#2562=CARTESIAN_POINT('',(0.131039999999994,-0.0043376,0.07527));
#2563=CARTESIAN_POINT('',(0.131039999999994,-0.0043376,0.0751905102572163));
#2564=CARTESIAN_POINT('',(0.127039999999994,0.000864400000000011,0.0752700000000018));
#2565=CARTESIAN_POINT('',(0.123039999999994,0.000864400000000012,0.0752700000000041));
#2566=CARTESIAN_POINT('',(0.123039999999994,-0.0043376,0.0752700000000041));
#2567=CARTESIAN_POINT('',(0.127039999999994,-0.0043376,0.0752700000000018));
#2568=CARTESIAN_POINT('',(0.123039999999994,0.000864400000000012,0.074990723008552));
#2569=CARTESIAN_POINT('',(0.123039999999994,0.000864400000000012,0.0747114460170999));
#2570=CARTESIAN_POINT('',(0.123039999999994,-0.0043376,0.0747114460170999));
#2571=CARTESIAN_POINT('',(0.123039999999994,-0.0043376,0.074990723008552));
#2572=CARTESIAN_POINT('',(0.121968771984205,0.000864400000000012,0.0752832584557359));
#2573=CARTESIAN_POINT('',(0.121968771984205,-0.0043376,0.0752832584557359));
#2574=CARTESIAN_POINT('',(0.120897543968416,-0.0043376,0.075855070894372));
#2575=CARTESIAN_POINT('',(0.120897543968416,0.000864400000000012,0.075855070894372));
#2576=CARTESIAN_POINT('',(0.118481423452791,0.000864400000000013,0.078996027564688));
#2577=CARTESIAN_POINT('',(0.116065302937166,0.000864400000000013,0.082136984235004));
#2578=CARTESIAN_POINT('',(0.116065302937166,-0.0043376,0.082136984235004));
#2579=CARTESIAN_POINT('',(0.118481423452791,-0.0043376,0.078996027564688));
#2580=CARTESIAN_POINT('',(0.115932651468583,0.000864400000000013,0.0831484921175061));
#2581=CARTESIAN_POINT('',(0.1158,0.000864400000000013,0.0841600000000083));
#2582=CARTESIAN_POINT('',(0.1158,-0.0043376,0.0841600000000083));
#2583=CARTESIAN_POINT('',(0.115932651468583,-0.0043376,0.0831484921175061));
#2584=CARTESIAN_POINT('',(0.1158,0.000864400000000013,0.0869100000000083));
#2585=CARTESIAN_POINT('',(0.115800000000002,0.000864400000000013,0.0896600000000083));
#2586=CARTESIAN_POINT('',(0.115800000000002,-0.0043376,0.0896600000000083));
#2587=CARTESIAN_POINT('',(0.1158,-0.0043376,0.0869100000000083));
#2588=CARTESIAN_POINT('',(0.11587276976792,0.000864400000000013,0.090593661671643));
#2589=CARTESIAN_POINT('',(0.11587276976792,-0.0043376,0.090593661671643));
#2590=CARTESIAN_POINT('',(0.115945539535837,-0.0043376,0.0915273233432778));
#2591=CARTESIAN_POINT('',(0.115945539535837,0.000864400000000013,0.0915273233432778));
#2592=CARTESIAN_POINT('',(0.11848538808028,0.000864400000000013,0.0948291264510488));
#2593=CARTESIAN_POINT('',(0.11848538808028,-0.0043376,0.0948291264510488));
#2594=CARTESIAN_POINT('',(0.121025236624722,-0.0043376,0.0981309295588197));
#2595=CARTESIAN_POINT('',(0.121025236624722,0.000864400000000012,0.0981309295588197));
#2596=CARTESIAN_POINT('',(0.122032618312365,0.000864400000000012,0.0985818295601326));
#2597=CARTESIAN_POINT('',(0.122032618312365,-0.0043376,0.0985818295601326));
#2598=CARTESIAN_POINT('',(0.123040000000008,-0.0043376,0.0990327295614455));
#2599=CARTESIAN_POINT('',(0.123040000000008,0.000864400000000012,0.0990327295614455));
#2600=CARTESIAN_POINT('',(0.123040000000008,0.000864400000000012,0.0987913647807248));
#2601=CARTESIAN_POINT('',(0.123040000000008,-0.0043376,0.0987913647807248));
#2602=CARTESIAN_POINT('',(0.130499999999996,-0.0043376,0.0867499999999965));
#2603=CARTESIAN_POINT('',(0.130499999999996,-0.0103376,0.09824999882701));
#2604=CARTESIAN_POINT('',(0.143378611932595,-0.0120477007166283,0.09824999882701));
#2605=CARTESIAN_POINT('',(0.144001037691045,-0.0103376,0.09824999882701));
#2606=CARTESIAN_POINT('',(0.130499999999996,-0.0103376,0.09824999882701));
#2607=CARTESIAN_POINT('',(0.130499999999996,-0.0103376,0.0867499999999965));
#2608=CARTESIAN_POINT('',(0.116998962308951,-0.0103376,0.09324999882701));
#2609=CARTESIAN_POINT('',(0.144001037691045,-0.0103376,0.09324999882701));
#2610=CARTESIAN_POINT('',(0.138680148828666,-0.0103376,0.09324999882701));
#2611=CARTESIAN_POINT('',(0.138680148828666,-0.0103376,-0.24569010159225));
#2612=CARTESIAN_POINT('',(0.138680148828666,-0.0103376,0.07375));
#2613=CARTESIAN_POINT('',(0.130499999999996,-0.0103376,0.07375));
#2614=CARTESIAN_POINT('',(0.139590074414331,-0.0078376,-0.24569010159225));
#2615=CARTESIAN_POINT('',(0.141191543445103,-0.0034376,0.08375));
#2616=CARTESIAN_POINT('',(0.139590074414331,-0.00783760000000009,0.07375));
#2617=CARTESIAN_POINT('',(0.140499999999997,-0.0053376,0.09324999882701));
#2618=CARTESIAN_POINT('',(0.130499999999995,-0.325180067352544,0.07375));
#2619=CARTESIAN_POINT('',(0.116711462481736,-0.00954770071662834,0.09324999882701));
#2620=CARTESIAN_POINT('',(0.142421716295305,-0.0146767498728586,0.09324999882701));
#2621=CARTESIAN_POINT('',(0.120498,-0.0034376,0.08375));
#2622=MECHANICAL_DESIGN_GEOMETRIC_PRESENTATION_REPRESENTATION('',(#1533),
#2623);
#2623=(
GEOMETRIC_REPRESENTATION_CONTEXT(3)
GLOBAL_UNCERTAINTY_ASSIGNED_CONTEXT((#2624))
GLOBAL_UNIT_ASSIGNED_CONTEXT((#2627,#2626,#2625))
REPRESENTATION_CONTEXT('case back','TOP_LEVEL_ASSEMBLY_PART')
);
#2624=UNCERTAINTY_MEASURE_WITH_UNIT(LENGTH_MEASURE(1.E-8),#2627,
'DISTANCE_ACCURACY_VALUE','Maximum Tolerance applied to model');
#2625=(
NAMED_UNIT(*)
SI_UNIT($,.STERADIAN.)
SOLID_ANGLE_UNIT()
);
#2626=(
NAMED_UNIT(*)
PLANE_ANGLE_UNIT()
SI_UNIT($,.RADIAN.)
);
#2627=(
LENGTH_UNIT()
NAMED_UNIT(*)
SI_UNIT($,.METRE.)
);
#2628=PRODUCT_DEFINITION_SHAPE('','',#2629);
#2629=PRODUCT_DEFINITION('','',#2631,#2630);
#2630=PRODUCT_DEFINITION_CONTEXT('',#2637,'design');
#2631=PRODUCT_DEFINITION_FORMATION_WITH_SPECIFIED_SOURCE('','',#2633,
 .NOT_KNOWN.);
#2632=PRODUCT_RELATED_PRODUCT_CATEGORY('','',(#2633));
#2633=PRODUCT('case back','case back','case back',(#2635));
#2634=PRODUCT_CATEGORY('','');
#2635=PRODUCT_CONTEXT('',#2637,'mechanical');
#2636=APPLICATION_PROTOCOL_DEFINITION('international standard',
'ap242_managed_model_based_3d_engineering',2020,#2637);
#2637=APPLICATION_CONTEXT('managed model based 3d engineering');
ENDSEC;
END-ISO-10303-21;
